french,english
je,I
de,of
est,is
pas,not
le,the
vous,you
la,the
tu,you
que,that
un,a
il,he
et,and
à,to 
a,has
ne,not
les,them
ce,this
en,in
on,we
ça,that
une,a
ai,have
pour,to
des,of the
moi,me
qui,who
nous,we
y,Y
mais,but
me,me
dans,in
du,from
bien,Well
elle,she
si,if
tout,everything
plus,more
non,Nope
mon,my 
suis,am
te,you
au,to
avec,with
va,goes
oui,yes
toi,you
fait,do
ils,they
as,AS
être,to be
faire,To do
se,se
comme,as
était,was
sur,on
quoi,what
ici,here
sais,know
lui,him
veux,want
ma,my
là,the
rien,nothing
dit,said
es,es
où,where
votre,your
pourquoi,for what
sont,are
cette,this
quand,when
par,by
son,his 
ton,your
peux,can
vais,go
dire,say
alors,then
comment,How? 'Or' What
avez,have
bon,Well
ou,Where
très,very
merci,thank you
ont,have
même,even
jamais,never
aussi,Also
voir,see
chose,thing
allez,go
tous,all
deux,of them
ces,these
faut,should
sa,her
êtes,are
été,summer
ta,your
fais,do 
avoir,to have
peut,can
autre,other
m,M
encore,again
maintenant,now
peu,little
mes,my
vraiment,really
temps,time
notre,our
toujours,always
vie,life
sans,without
juste,just
oh,Oh
avait,had
accord,deal
vu,seen
monde,world
quelque,some
fois,time
aller,go
trop,too
viens,come
crois,believe
dieu,god
dois,must
homme,male
père,dad
sûr,safe
aux,to the
leur,their
avant,before
étais,is
besoin,need
femme,women
aime,love
personne,person
avais,had
chez,at the house of
vrai,TRUE
ans,year
mal,wrong
ses,his
parler,to speak
vos,your
après,after
mort,dead
veut,wants
eu,eu
sera,will be
bonne,good
parce,by
mieux,better
petit,small
voilà,so
tes,your 
ca,that
dis,say
beaucoup,many
depuis,since
doit,must
vois,see 
mère,mother
vas,go
monsieur,sir
quel,what
déjà,already
fille,daughter
gens,people
donc,So
jour,day
soir,evening
autres,others
ii,II
toute,all
bonjour,hello
ll,ll
maison,home
nom,name
argent,money
nos,our
ouais,yeah
pense,thought
merde,shit
nuit,night
papa,dad
cela,that
salut,Hi
cet,this
avons,have
reste,rest
désolé,sorry
maman,mom
peur,fear
arrive,arrived
seul,Alone
vite,quickly
prendre,take
regarde,looked
air,air
soit,either
trois,three
quelle,what
passé,past
savoir,to know
plaît,jail
choses,things
moins,less
fils,son
entre,Between
bas,low
appelle,call
passe,pass
ah,ah
tête,head
demain,tomorrow
grand,big
arrête,stopped
faites,done
voulez,want
hé,Hey
attends,hold on
hein,eh
enfants,children
assez,quite
raison,raison
aurais,would have
voulais,wanted
elles,they
parle,speak
ok,okay
jours,days
dû,from
moment,moment
heure,hour
puis,then
gars,guys
hommes,men
amour,love
tard,late
toutes,all
sommes,are
tuer,kill
eh,eh
ami,friend
connais,know
petite,small
aider,to help
chance,chance
savez,know
partir,leave
sait,knows
combien,How many
voiture,car
tant,so much
pris,taken
part,go
problème,problem
prends,take
porte,gate
coup,stroke
serait,would be
venir,come
hui,hui
famille,family
travail,work 
pu,could
seule,only
sens,sense
ni,neither
allons,let's go
revoir,see again
idée,idea
putain,whore
passer,pass
contre,against
comprends,understand
entendu,understood
trouvé,found
trouver,to find
vieux,old 
vient,come
pendant,during
aurait,would have
quelques,some 
attention,Warning
demande,request
chercher,look for
sous,under
voici,here is
pourrait,might
sang,blood
pouvez,can
sortir,to go out
question,question
histoire,story
amis,friends
venez,come
frère,brother
rester,stay
fini,finished
ville,city
nouveau,new 
truc,thing
tiens,take
mois,month
eux,them
mec,guy
yeux,eyes
laisse,leave alone
super,Great
belle,beautiful
longtemps,long time
police,police
eau,water
heures,hours
car,because
importe,imported
cas,case
vont,are going
chaque,each
terre,Earth
place,square
tué,kill
type,kind
main,hand
pardon,sorry
ensemble,whole
seulement,only
guerre,war
beau,beautiful
vers,toward
mme,Mrs
prie,pray
devant,in front
trouve,find
partie,part
suite,following
compris,Understood
matin,morning
leurs,their
aucun,none
arrivé,come
dessus,above
chérie,dear
mettre,to put
aide,aid
étaient,were
ie,ie
perdu,lost
fin,end
sois,be
premier,first 
genre,gender
aimerais,would like to
droit,right
donne,given
attendez,wait
jeune,young
feu,fire
devrais,should
enfant,child
chambre,bedroom
gros,fat
côté,side
venu,came
loin,far
laisser,let
donner,give
jouer,player
savais,knew
compte,account
s,s
parlé,speak
minutes,minutes
regardez,look
train,train
première,first
pouvoir,to be able to
aura,will have
mourir,to die
dernière,last
donné,given
ia,IA
mari,husband
écoute,listen
enfin,finally
devrait,should
mis,put
film,movie
aucune,any
fort,strong
façon,way
pays,country
prêt,ready
madame,Mrs
femmes,women
affaire,affair
pourrais,could
espère,hope
parti,left
h,h
boulot,gig
endroit,place
fou,mad
corps,body
hier,yesterday
dont,of which
désolée,sorry
grande,big
point,point
cinq,five
dehors,outside
filles,girls
cause,cause
vivre,to live
près,close
pensais,thought
garçon,boy
chef,chief
haut,high
capitaine,captain
dirait,would say
bébé,baby
celui,that's why I wrote to you
demandé,asked
possible,possible
mains,hands
ainsi,thus
quatre,four
nouvelle,news
années,years
plein,full
semaine,week
dites,say
croire,believe
marche,walking
tour,tower
école,school
manger,eat
plutôt,rather 
docteur,doctor
ceux,those
vérité,truth
vue,seen
arrêter,Stop
essaie,try
envie,urge
bientôt,soon
instant,moment
dernier,last
affaires,business
arriver,arrive
demander,asking for
meilleur,better
font,make
derrière,behind
c,vs
dollars,dollars
presque,almost
dr,DR
tellement,such
tomber,fall
journée,daytime
voulait,wanted to
appeler,to call
bureau,office
confiance,trust
garde,keep
attendre,expect
numéro,number
serai,will be
dur,hard
á,has
souviens,remember
o,o
voyez,see
cours,Classes
bonsoir,good evening
route,road
fera,will
prend,take
cul,ass
abord,on board
important,important
peine,sadness
croyais,believed
mot,word
devez,must
suffit,enough
minute,minute
ferme,closed
ben,ben
plaisir,pleasure
chien,dog
jeu,Game
seigneur,lord
messieurs,gentlemen
calme,calm
voudrais,would like
heureux,happy
prenez,take
mariage,wedding
voit,sees
parents,parents
lls,lls
dedans,inside
entrer,to enter
lit,bed
parfait,perfect
fous,crazy
mlle,Ms
rentrer,to return
ait,has
musique,music
arrêtez,Stop
autant,as much
service,service
reviens,come back
ceci,this
drôle,funny
attend,waits
parfois,sometimes
téléphone,phone
retour,return
ira,will go
e,e
pauvre,poor
verre,glass
général,general
new,new
six,six
pensé,thought
l,I
impossible,impossible
fête,party
adore,adore
coeur,heart
aimes,love
ci,this
ferai,will do
président,President
doute,doubt
facile,easy
entends,hear
payer,to pay
appelé,called
prison,jail
john,john
sors,go outside
café,coffee
vaut,worth
mauvais,Wrong
chéri,dear
oublié,forget it
bras,arms
i,I
gentil,kindly
faute,mistake
équipe,team 
exactement,exactly
cœur,heart
penser,think
changer,change
commence,begin
lieu,location
entendre,To hear
ies,ies
roi,King
plan,plan
partout,all over
joue,cheek
cher,dear
morts,dead
rendre,render
écrit,written
travailler,to work
malade,sick
sinon,otherwise
génial,great
regarder,watch
veulent,want
montrer,to show
rentre,go home
travaille,work
armée,army
voulu,desired
cherche,look for
état,state
boire,drink
sécurité,security
dès,of the
esprit,mind
année,year
dix,ten
york,york
laissé,leave alone
bois,drink
mets,put
propre,clean
soyez,be
jack,jack
essayer,to try
faisait,did
tôt,early
surtout,Above all
arme,armed
t,t
rêve,dream
perdre,to lose
avis,opinion
semble,seems
pire,worse 
simple,simple
penses,thinking
parles,speak
paix,peace
livre,book
dormir,sleep
voyons,let's see
difficile,difficult
retard,delay
allait,was going to
d,d
sujet,topic
appris,learned
ensuite,then
sauf,except
maître,master
morte,dead
noir,black
or,gold
dîner,having dinner
choix,choice
serais,would be
écoute,listen
sale,dirty
étiez,have been
sûrement,surely
an,year
ordre,order
souvent,often
essayé,tried
peuvent,can
visage,face
bout,end 
changé,exchange
sérieux,serious
inquiète,worry
âge,age
photo,Photo
rue,street
tirer,to pull
comprendre,understand
face,face
semaines,weeks
marché,market
questions,Questions
honneur,honor
ciel,sky
allé,go
garder,to keep
chemin,path
grave,severe
gauche,left
petits,small
courant,fluent
amie,friend
nouvelles,new
avion,plane
con,stupid
content,happy
force,strength
millions,millions
oublie,forget
devoir,Homework
prochaine,next
prix,price
propos,about
bateau,ship
bouge,move
voix,voice
rouge,red
restez,Stay
celle,that
pouvais,could
personnes,people
ferais,would do
début,start
espèce,species
gueule,mouth
acheter,buy
continue,keep on going
sort,spell
faim,hunger
long,long
j,J
voyage,trip
message,message
sorte,sort
reçu,received
bienvenue,welcome
idiot,idiot
certains,some
hôpital,hospital
promis,promised
devenir,to become
ouvre,open
grâce,grace
sûre,safe
problèmes,problems
armes,weapons
trucs,stuff
camp,camp
allais,alla
occupe,to keep busy
devait,had to
manque,lack
connaissez,know
thé,tea
avaient,had
cheveux,hair
soleil,sun
salle,Hall
gagner,to earn
laissez,leave
erreur,error
cru,believed
pars,go
bizarre,weird
croyez,believe
sac,bag
hôtel,hotel
oncle,uncle
pièce,room
pouvait,could
fond,background
soirée,evening
secret,secret
patron,boss
rapport,report
apprendre,learn
commencé,start
sauver,save
seconde,second
pensez,think
allô,hi
ailleurs,elsewhere
agent,agent
froid,cold
seras,will be
pied,foot
jolie,pretty one
revenir,to come back
scène,stage
pieds,feet
n,not
devons,owe
groupe,band
carte,menu
aurai,will have
effet,effect
neuf,nine
fallait,had to
monte,mounted
battre,beat
noël,Xmas
venue,come
mots,words
tire,drawn
droite,right
libre,free
soeur,sister
situation,situation
seront,will be
faux,fake
bordel,mess
foutre,cum
lumière,light
euh,uh
incroyable,unbelievable
tue,kill
joli,nice
connaît,know
debout,standing
colonel,colonel
cheval,horse
écoutez,Listen
george,George
joe,joe
vieille,old woman
entrez,Come in
intérieur,interior
coin,corner
auras,auras
gagné,won
fric,money
loi,law
absolument,absolutely
dame,lady
cool,cool
magnifique,magnificent
dos,back
occuper,to occupy
présent,here
retrouver,to regain
réussi,successful
frank,Frank
rencontrer,to meet
aviez,had
meilleure,best
âme,soul
prêts,loans
doucement,gently
table,table
lettre,letter
rappelle,remember
sam,sat
fut,was
risque,risk
ordres,orders
appel,call
commencer,to start
terminé,completed
agit,act
blanc,White
sœur,sister
pareil,the same
charlie,charlie
chaud,warm
finir,finish
touche,touch
avance,advance
ignore,ignore
meurtre,murder
tranquille,calm
anniversaire,anniversary
déjeuner,to eat lunch
disais,said
bord,edge
tom,Tom
jeunes,youth
accident,accident
parlez,speak
fasse,do
complètement,completely
déteste,hated
clair,clear
marcher,walk
disait,said
mauvaise,bad
envoyé,sent
â,has
professeur,teacher
heureuse,happy
doivent,have to
midi,midday
lire,read
moyen,average
ferait,would do
commandant,commanding officer
vraie,real
sept,seven
forme,shape
tombe,fall
silence,silence
sortez,get out
connaître,to know
puisse,may
cadeau,present
flics,cops
mer,sea
médecin,doctor
exact,exact
décidé,decided
moitié,half
surprise,surprise
avocat,attorney
montre,show
b,B
su,su
porter,carry
télé,TV
vivant,living
jure,sworn
disent,say
mr,MR
serez,will be
devriez,should
devenu,became
aimé,like
diable,Devil
ligne,line
mission,assignment
suppose,Assumed
chacun,each
autour,around
pote,pal
grosse,fat
expliquer,explain
arrivée,arrival
monter,ascend
balle,ball
selon,according to
photos,Pictures
contrôle,control
prête,ready
anglais,English
sorti,got out
k,k
bons,good
disparu,gone
tenir,hold
simplement,simply
quitter,leave
envoie,send
paul,Paul
aimer,to like
voie,way
paris,Paris
classe,class
huit,eight
offre,offer
poste,post
dangereux,dangerous
attaque,offensive
impression,impression
folle,crazy woman
michael,Michael
mange,eat
bravo,well done
arrière,back
amérique,America
suivre,to follow
aille,wing
oublier,forget
peuple,people
baiser,kiss
rencontré,meet
honte,shame 
connard,asshole
trou,hole
retourner,to return to
chanson,song
change,exchange
arrêté,stopped
enfer,hell
écrire,to write
livres,books
habitude,habit
réponse,answer
david,david
lieutenant,lieutenant
savait,knew
radio,radio
tenez,hold
bande,bandaged
bob,bob
rend,renders
compagnie,company
connu,known
secours,rescue
danse,dance
met,put
vol,flight
vit,lives
conneries,bullshit
aurez,will have
imagine,conceived
boîte,box
joué,cheek
triste,sad
sud,south
lu,read
tel,Phone
merveilleux,wonderful
pute,whore
aie,Ouch
ressemble,looks like
coucher,sleep
ennuis,troubles
volé,Fly
sortie,exit
devais,had to
combat,fight
bouche,blocked
certain,certain
visite,visit
existe,exist
bête,stupid
retourne,return
approche,approach
pourtant,yet
plusieurs,many
rire,to laugh
but,goal
sergent,sergeant
public,audience
système,system
présente,present
dirai,will say
faudra,will have to
écouter,listen
hors,except
exemple,example
vendre,to sell
continuer,Continue
coups,strokes
pourra,may
sympa,nice
nord,north
cuisine,food
époque,era
grands,tidy
héros,hero
étrange,odd
avenir,coming
danger,hazard
envoyer,send
gouvernement,government
danser,to dance
lune,moon
etre,to be=
poser,to pose
partez,set off
normal,normal
peau,skin
santé,health
ecoutez,Listen
ouvrir,open
nez,nose
secondes,seconds
amoureux,lover
dommage,shame
pleine,full
mille,thousand
banque,bank
voler,fly
clé,key
bonnes,good
paraît,appears
servir,to serve
journal,log
village,town
tient,is holding
flic,cop
salaud,bastard
juge,judge
tiré,drawn
cour,court
assis,sat
bruit,noise
terrible,terrible
prochain,next
inspecteur,inspector
liberté,freedom
blague,joke
robe,dress
crime,crime
bière,beer
tas,pile
viennent,are coming
don,Don
reine,queen
protéger,protect
seuls,only
préfère,favorite
bar,bar
dingue,crazy
vent,wind
pitié,pity
croit,believes
payé,paid
travers,through
club,club
garçons,boys
conseil,advice
mesdames,ladies
sol,floor
bonheur,happiness
rêves,dreams
centre,center
thé,tea
mêmes,same
avions,planes
mike,mike
nulle,nothing
stupide,stupid
pouvons,can
vin,wine
tante,aunt
sent,feel
fiche,plug
milieu,environment
signe,sign
unis,United
appelez,call
départ,departure
inutile,useless
emmener,bring
comprenez,understand
liste,list
gamin,kid
johnny,johnny
hey,hey
prise,socket
savent,know
différent,different
verra,will see
probablement,probably
intérêt,interest
choisi,selected
parole,word
ennemi,enemy
vêtements,clothes
aimez,like
recherche,research
société,society
faisais,do
peter,to fart
œil,eye
soin,care
chère,Dear
tourne,turned
ià,ià
descendre,go down
félicitations,congratulations
pose,laid
position,position
oeil,eye
vouloir,want
mecs,guys
irai,go
spectacle,show
acheté,purchased
laquelle,which
rôle,role
intéresse,interested
utiliser,use
match,match
devient,bECOMES
quitté,quits
asseoir,Sit
environ,around
plait,beating
mur,wall
blessé,hurt
mise,putting
harry,harry
you,you
beauté,beauty
salope,slut
parie,bett
sert,serve
soldats,soldiers
films,movies
américain,American
marier,marry
entrée,Starter
soldat,soldier
ouvert,open
sauter,to jump
londres,London
eiie,eiie
lequel,which
lâche,cowardly
église,church
pierre,Pierre
art,art
fenêtre,window
humain,human
tort,wrong
cerveau,brain
coupable,guilty
petites,small
promets,promotion
adresse,address
prince,prince
quartier,neighborhood
espoir,hope
conduire,drive
auriez,would have
ridicule,ridiculous
justice,justice
rose,pink
venus,Venus
max,max
jimmy,jimmy
presse,hurry
adieu,goodbye
revient,come back
expérience,experience
présenter,to present
tombé,fall
faisons,let's do
épouser,marry
frères,brothers
veuillez,please
revenu,revenue
colère,anger
bill,bill
vis,screw
james,james
pourriez,could
jim,jim
intéressant,interesting
ouvrez,open
nature,nature
gosse,kid
taxi,Taxi
fier,proud
preuve,proof
riche,rich
faudrait,should
base,base
fleurs,flowers
vide,empty
portes,doors
mademoiselle,miss 
formidable,tremendous
nul,no
directeur,director
chanter,sing
contact,contact
histoires,stories
marié,married
défense,defense
répondre,reply
excuse,excuse
responsable,responsible
deuxième,second
mary,mary
san,San
appartement,apartment
décision,decision
cinéma,movie theater
jeter,discard
aimais,loved
cacher,hide
glace,ice
occasion,occasion
dents,teeth
vacances,holidays
course,race
ravi,very pleased
tueur,killer
sentir,feel
courage,courage
jésus,Jesus
allée,aisle
capable,able
essayez,try
sauvé,Safe
longue,long
parmi,among
continuez,continue
paie,pay
superbe,stunning
français,French
souvenir,memory
ouest,west
dégage,clear
jambes,legs
coupe,chopped off
immédiatement,immediately
machine,machine
épouse,spouse
telle,such
marie,married
mien,mine
pius,pius
certainement,definitely
bombe,bomb
types,types
p,p
né,born
manière,manner
gagne,won
prévu,planned
chier,take a dump
trouves,found
u,U
idées,ideas
touché,hit
rendu,rendering
monstre,freak
km,km
retrouve,find
ha,Ha
f,F
importance,importance
joie,joy
dérange,disturbs
arrivent,arrive
court,short
pont,bridge
foutu,fucked up
bain,bath
oubliez,forget
tourner,turn
contente,satisfied
attendais,expected
cent,hundred
enchanté,delighted
signifie,means
américains,American
iis,iis
quitte,quits
poisson,fish
henry,Henry
ayez,have
terrain,ground
enquête,survey
horrible,horrible
chat,cat
certaines,some
r,R
camion,truck
copine,friend
joyeux,joyful
shérif,sheriff
ramener,to bring back
descends,go down
éviter,avoid
projet,project
and,and
dossier,case
respect,respect
excellent,excellent
envers,towards
mariée,bride
occupé,busy
lorsque,when
blanche,white
majesté,majesty
rencontre,meet
toucher,to touch
ange,angel
refuse,denied
charge,charge
billy,billy
chevaux,horses
v,V
chiens,dogs
empêcher,to prevent
dure,lasts
zone,area
faits,facts
animaux,animals
meilleurs,best
plupart,mostly
emmène,take
étions,were
politique,Politics
chaussures,shoes
langue,tongue
mangé,eat
douleur,pain
planète,planet
offrir,to offer
règles,rules
drogue,dope
réalité,reality
bus,bus
enfoiré,Motherfucker
dirais,would say
permis,permit
vécu,lived
chapeau,hat
île,Isle
réunion,meeting
soient,are
contraire,opposite
tony,tony
mettez,put
nick,nick
arrivera,to arrive at
excuser,excuse
code,coded
couleur,color
rapide,quick
raconte,recount
papier,paper
discuter,discuss
opération,surgery
cartes,cards
nourriture,food
entier,entire
nécessaire,necessary
frais,fresh
toilettes,bathroom
spécial,special
vaisseau,vessel
action,stock
princesse,princess
magasin,warehouse
copain,buddy
sache,beam
bu,drank
steve,steve
découvert,discovered
pain,bread
mignon,cute
taille,cut
sacré,sacred
rends,renders
eddie,Eddie
double,double
viendra,will come
imbécile,imbecile
essaye,try
champ,field
personnel,personal
client,customer
lait,milk
contrat,contract
partis,gone
sexe,sex
mienne,mine
repas,meal
mémoire,memory
destin,fate
direction,direction
dors,sleep
faite,done 
pleurer,cry
couteau,knife
malin,clever
remettre,to put back
ray,ray
témoin,witness
restes,remains
mètres,meters
trésor,treasure
gosses,kids
aiment,like
washington,Washington
habite,reside
foi,faith
puisque,because
apporté,brought
solution,solution
trouvez,Find
nouveaux,new
réfléchir,think
choisir,Choose
goût,taste
remercie,thanks
détruire,destroy
université,university
doux,sweet
beaux,beautiful
raconter,tell
vitesse,speed
menti,lies
três,very
procès,court case
enceinte,pregnant
amuser,amuse
niveau,level
vus,sees
miss,miss
fermer,to close
arranger,arrange
end,ending
clients,clients
rappeler,remind
Alex,Alex
failli,falling
arbre,tree
papiers,papers
Sarah,Sarah
mérite,deserved
différence,difference
travaillé,work
disons,let's say
bleu,blue
dise,say
aimait,loved
appelles,calls
espace,space
caméra,camera
censé,supposed
qu,that
piste,track
sourire,to smile
courir,run
accepter,accept
retrouvé,found
charles,Charles
jambe,leg
angleterre,England
quels,What
préparer,prepare
marre,fed up
forces,strengths
tirez,PULL
énorme,huge
Danny,Danny
trés,very
invité,guest
rentré,go home
officier,officer
pièces,rooms
lettres,letters
file,line
programme,program
tommy,Tommy
arrêt,stop
fout,cum
balles,bullets
flingue,gun
chasse,hunt
regrette,regret
to,to
propres,clean
victime,victim
appartient,belongs
france,France
unique,unique
régler,adjust
moindre,lesser
compter,count
voitures,cars
énergie,energy
fil,thread
lycée,high school
crise,crisis
stop,stop
image,image
vérifier,check
dimanche,Sunday
appareil,device
justement,exactly
richard,richard
noms,nouns
million,million
cassé,broken
enlever,to remove
clés,keys
noire,black
man,man
dépend,depends
derniers,last
doigts,fingers
réponds,answer
honnête,honest
prouver,prove
preuves,evidence
durant,during
souris,mouse
entendez,hear
lever,lift
oiseau,bird
belles,beautiful
oû,Where
apporte,brought
grandes,large
morceau,piece
bobby,bobby
bougez,move
amène,bring
interdit,not allowed
présence,presence
récupérer,to recover
quelles,what
manqué,lack
cou,neck
venait,came
étage,stage
regard,glance
bouger,to move
finalement,eventually
couper,to cut
urgence,emergency
perds,losers
points,points
meurt,dies
partons,Let's go
troisième,third
savons,soaps
folie,madness
ancien,ancient
chante,sung
obtenir,get
répète,say again
toit,roof
humains,humans
robert,Robert
jardin,garden
métier,job
poche,poached
méchant,mean
paradis,heaven
proche,close
rejoindre,rejoin
lors,during
nombre,number
crains,fearful
règle,rule
frapper,hit
intention,intention
succès,hit
forte,strong
gentille,gentle
campagne,campaign
raisons,reasons
malgré,despite
alcool,alcohol
regardé,look at
jerry,jerry
billets,tickets
fantastique,fantastic
lee,lee
théâtre,theater
vôtre,your
samedi,Saturday
pluie,rain
fermé,farm
relation,relationship
frappé,hit
restaurant,restaurant
douce,gentle
maladie,disease
parlait,was talking
raté,missed
casse,broken
dessous,under
pourrai,could
victoire,victoire
voudrait,would like
remarqué,noticed
assurer,to assure
pleure,cry
bouteille,bottle
gare,station
carrière,career
sentiments,feelings
suivi,follow up
vies,lives
fiston,son
vendu,sold
attendant,waiting
pourras,can
amoureuse,in love
mens,mens
falloir,to need
chinois,Chinese
étranger,foreigner
appelait,called
assure,insure
étant,being
queue,tail
odeur,smell
enlève,remove
produit,product
meurs,die
secrets,secrets
pression,pressure
fatigué,tired
aies,aies
plage,beach
okay,Okay
animal,animal
frappe,hit
montagne,mountain
coffre,chest
passage,passage
suivant,following
signal,signal
discours,speech
cents,cents
claire,clear
g,g
rivière,river
costume,suit
prendra,will take
souhaite,wish
hasard,chance
journaux,newspapers
aveugle,blind
lis,read
demandez,Ask
retraite,retirement
afin,to
vendredi,Friday
van,van
auraient,would have
obligé,obligatory
major,major
neige,snow
remercier,thank
fusil,gun
gardes,guards
faible,low
pauvres,poor
noirs,black
gâteau,cake
cesse,stop
parfaitement,perfectly
excuses,apologies
viande,meat
ministre,minister
univers,universe
vienne,Vienna
utile,useful
demandais,asked
crétin,dumbass
gaffe,blunder
cache,hidden
disant,saying
décider,decide
dort,sleep
gaz,gas
blancs,whites
connaissance,knowledge
vouliez,wanted
jake,jake
vidéo,video
bataille,battle
vive,long -lived
anna,Anna
martin,Martin
iui,Iui
os,bone
entend,hears
jeux,games
will,will
verras,will see
date,date
échapper,escape
naissance,birth
droits,rights
assassin,assassin
attendu,expected
montez,go up
nouvel,new
pensent,think
génie,genius
sérieusement,seriously
cible,target
prépare,prepared
agir,to act
militaire,military
futur,future
attraper,to grab
bal,ball
europe,Europe
californie,California
donnez,give
cousin,cousin
vert,green
poids,weight
volonté,will
ventre,stomach
accepte,accepted
amené,bring
recevoir,receive
inquiétez,worry
perd,lose
autrement,otherwise
informations,information
titre,title
célèbre,famous
couple,couple
sexy,sexy
serons,will be
certaine,certain
parlons,let's talk
star,star
étoiles,stars
rome,Rome
los,the bone
répondu,answered
resté,rest
charmant,charming
puissant,powerful
zéro,zero
genoux,knees
mine,mine
couilles,balls
pilote,pilot
maria,Maria
style,style
ramène,brings back
voulons,want to
embrasser,to kiss
amener,to bring
valeur,value
fortune,fortune
reprendre,to resume
revenez,come back
vieil,old
walter,Walter
servi,served
arrivés,arrived
lève,survey
voleur,thief
côtés,sides
chris,Chris
note,note
préféré,prefer
couché,layer
milliers,thousands
aéroport,airport
prévenir,prevent
château,chateau
apparemment,apparently
gardez,Keep
privé,private
détails,details
larry,Larry
direct,direct
reposer,to rest
commande,ordered
cherchez,look
fer,iron
conduit,conduit
conscience,awareness
oreilles,ears
conversation,conversation
regardes,look
joues,play
ennemis,enemies
attendent,wait
article,article
dieux,gods
talent,talent
aise,easy
poulet,chicken
passée,past
comprend,understand
gorge,throat
feras,do
tribunal,court
découvrir,discover
agréable,pleasant
jette,throw
test,test
emmerde,foul
détruit,destroy
nerveux,nervous
saint,Holy
marrant,funny
joindre,join
sentiment,feeling
lance,spear
humaine,human
acte,deed
jane,jane
pis,worse
enculé,fucked
tuée,killed
saura,will know
doigt,finger
pourrez,can
passera,will pass
horreur,horror
comptes,accounts
dernières,latest
violence,violence
fumer,to smoke
invités,guests
parlais,gauge
job,job
salon,lounge
défendre,defend
mariés,married
rock,rock
apporter,to bring
coupé,cut
repos,rest
paquet,pack
page,page
utilise,used
victimes,victims
sage,wise
aidé,aid
intelligent,clever
ombre,shadow
vache,cow
désert,desert
forêt,forest
parfaite,perfect
tombée,fall
extérieur,outside
entré,Between
série,series
concerne,concerned
paroles,lyrics
dira,will say
it,it
champion,champion
fbi,FBI
lundi,Monday
moteur,motor
ouverte,opened
mince,thin
al,Al
russe,Russian
grandi,grown up
rappelles,recall
dormi,sleep
ordinateur,computer
in,in
angeles,Angeles
accepté,accepted
désormais,from now on
acteur,actor
membres,members
trouvée,found
pete,pete
surpris,surprised
miracle,miracle
vole,Fly
manquer,miss
franchement,frankly
apprécie,appreciate
cigarette,cigarette
chemise,shirt
mark,mark
tente,attempted
faisant,doing
billet,ticket
reculez,retreat
moyens,means
importante,important
unité,unity
champagne,Champagne
pensait,thought
www,www
partager,to share
smith,smith
minuit,midnight
américaine,American
courses,races
puissance,Powerful
william,William
nombreux,many
réparer,to fix
caché,hidden
haute,high
sommeil,sleep
essence,essence
riches,rich
lac,lake
maire,mayor
mode,fashion
vingt,twenty
reviendra,will come back
pousse,growth
amusant,fun
passez,pass
services,services
doc,doc
rues,streets
of,of
risques,risks
émission,emission
leçon,lesson
annonce,announcement
plans,plans
usine,plant
louis,Louis
imaginer,imagine
chauffeur,driver
marque,brand
parc,Park
épée,sword
fesses,buttocks
échange,exchange
souvenirs,memories
créer,to create
senti,felt
signer,sign
artiste,artist
jeté,thrown
réveiller,wake
hiver,winter
également,also
hum,hum
souffle,breath
vrais,real
arbres,trees
saute,jumped up
fuir,flee
meme,same
battu,beaten
permission,permission
casser,to break
chicago,Chicago
allemands,Germans
utilisé,used
mentir,lie
souci,worry
é,e
coûte,cost
paye,paid
tres,very
offert,Free
sir,sir
no,no
chair,flesh
caisse,box
supplie,supplore
dégagez,release
raconté,told
andy,Andy
lunettes,eyeglasses
chouette,owl
menteur,liar
trouvera,will find
semblant,semblance
ignorais,ignorant
perdue,lost
whisky,whiskey
rentrez,come back
premiers,first
pantalon,pants
menace,threat
racontes,tells
douche,shower
oiseaux,birds
finie,finish
auront,will have
débarrasser,rid
membre,member
perte,loss
verrez,will see
front,forehead
lèvres,lips
mai,may
fac,college
allo,hi
connaissais,knew
gouverneur,governor
monnaie,cash
chou,cabbage
achète,purchased
thomas,Thomas
secrétaire,secretary
montré,show
jones,jones
écris,wrote
parlent,talk
chaise,chair
herbe,grass
créé,created
manteau,coat
chocolat,chocolate
pause,pause
côte,coast
abandonner,give up
policier,policeman
patient,patient
dave,dave
études,studies
ballon,ball 
mène,led
respire,breath
mouvement,movement
suicide,suicide
japonais,Japanese
accès,access
tienne,yours
laisserai,will leave
poupée,doll
innocent,innocent
allés,alleys
identité,identify
véritable,true
simon,Simon
devenue,become
totalement,totally
piège,trap
gloire,glory
pourraient,could
abri,shelter
explique,Explain
rapidement,rapidly
fonctionne,works
boy,boy
foule,crowd
pensées,thoughts
maisons,houses
fantôme,ghost
source,source
lancer,throw
suit,follows
changement,change
choc,shock
veste,jacket
attaquer,tackle
faveur,favor
oreille,ear
touchez,touch
malheureusement,unfortunately
soudain,suddenly
tués,you are
bref,Short
malheur,misfortune
portable,portable
chaleur,heat
mensonge,lie
répondez,answer
heureusement,fortunately
emploi,use
lois,laws
nettoyer,to clean
attrape,caught
geste,gesture
verrai,will see
notes,notes
plat,flat
etait,was
corde,rope
sacrée,sacred
cherches,looking for
siècle,century
etat,state
distance,distance
refusé,refuse
mars,March
saison,season
bel,beautiful
monté,mounted
idiote,idiot
recherches,research
alerte,alert
ennuie,bored
christ,Christ
remonte,traced back
plaisante,pleasant
city,City
bat,bat
images,images
voulaient,wanted
titres,securities
alice,Alice
couverture,blanket
moments,moments
big,big
mesure,measure
atteindre,reach
singe,monkey
pistolet,gun
frontière,frontier
réel,real
réfléchi,thoughtful
somme,sum
agents,agents
ours,bear
prisonniers,prisoners
évidemment,obviously
afrique,Africa
allemand,German
dan,dan
couche,lying down
relations,relations
texas,Texas
delà,of the
celles,those
navire,ship
deviens,become
bite,cock
laisses,leave
dirige,directed
partenaire,partner
aube,dawn
demi,half
affreux,awful
camarade,comrade
street,street
inquiéter,worry
tableau,table
fatiguée,tired
entreprise,company
demandes,requests
nana,girl
re,D
coincé,stuck up
tenu,tenuous
viré,fired
suspect,suspicious
reconnais,recognize
ressens,feeling
juif,Jewish
directement,directly
mexique,Mexico
cherché,look for
marine,Marine
prisonnier,prisoner
finit,finished
howard,Howard
étoile,star
jean,Jeans
convaincre,to convince
filer,spin
kevin,kevin
bosse,bump
pousser,push
protection,protection
signé,sign
crier,to cry out
rêvé,dream
respirer,breathe
propriétaire,owner
prêtre,priest
donnes,gate
taire,to hush up
permettre,to permit
prudent,prudent
carl,carl
commis,clerk
chaîne,chain
copains,friends
sec,dry
cauchemar,nightmare
laver,wash
hollywood,Hollywood
jeff,Jeff
réfléchis,reflected
trompe,deceived
hais,haz
immeuble,building
supporter,support
soi,self
bagages,luggage
tir,shot
traverser,to cross
commissaire,commissioner
mac,mac
donnerai,will give
reviendrai,will come back
larmes,tears
déranger,to bother
Arthur,Arthur
pigé,pig
réserve,Reserve
adam,Adam
volant,flying
uniforme,uniform
st,st
croient,believe
différents,different
souffrir,suffer
maudit,damn
valise,suitcase
prendrai,will take
assurance,assurance
abandonné,abandoned
dames,ladies
lendemain,the following day
navré,heartbroken
prennent,takes
sénateur,senator
roule,rolled
montagnes,mountains
lapin,rabbit
juifs,Jews
amuse,amused
espérais,hoped
fleur,flower
merveilleuse,marvelous
tournée,tour
scott,scott
information,information
foyer,foyer
tourné,turned
personnage,character
permettez,Allow
amitié,friendship
hâte,haste
opinion,opinion
curieux,curious
concert,concert
enfance,childhood
extraordinaire,extraordinary
davantage,any further
saviez,knew
chargé,charged
porc,pork
recommence,start again
chèque,check
piano,piano
jouez,play
océan,ocean
ayant,having
go,Go
pattes,paws
ravie,tight
trace,trace
réveillé,wake up
miles,miles
soupe,soup
sucre,sugar
écoutes,listen
vierge,virgin
mauvaises,bad
objet,object
adorable,adorable
chine,China
sonne,sound
envoyez,send
réputation,reputation
kate,kate
sport,sport
brave,brave
lieux,premises
brûle,burn
russes,Russian
murs,walls
second,second
etes,are
facilement,easily
troupes,troops
titrage,titration
canon,cannon
bague,Ring
bâtiment,building
seraient,would be
cellule,cell
Susan,Susan
survivre,survive
trouverai,will find
printemps,spring
voisins,neighbors
nuits,nights
chances,odds
contrôler,control
compliqué,complicated
voyais,saw
retirer,withdraw
ancienne,Ancient
théorie,theory
avancez,Advance
studio,studio
exploser,explode
explosion,blast
fiancée,fiancee
évident,obvious
gardé,kept
accusé,accused
Annie,Annie
témoins,witnesses
désir,desire
humanité,humanity
amen,Amen
magie,magic
restera,will stay
palais,palace
cirque,circus
cinglé,crazy
conduis,driven
sales,dirty
traces,traces
station,station
construire,build
joey,Joey
siège,headquarters
Kelly,Kelly
semblait,seemed
vivants,living
voient,see
représente,represented
sombre,dark
lourd,heavy
lá,the
familles,families
égal,equal
surveille,monitoring
terme,term
gêne,embarrassed
poule,chicken
pére,dad
devraient,should
soif,thirst
haine,hate
Rachel,Rachel
Jason,Jason
surveiller,to watch
ted,ted
marin,marine
procureur,prosecutor
traité,treaty
vivent,live
chansons,songs
souvenez,remember
entière,whole
résultat,result
préparé,prepare
top,top
enchantée,Nice to meet you
gardien,guardian
traite,treaty
avancer,move up
commun,commmon
pêche,sin
tien,yours
posé,laid
libérer,to free
gamins,kids
taule,jail
retournez,return
médicaments,medications
matériel,material
crâne,skull
région,region
débile,stupid
science,science
délicieux,delicious
privée,private
créature,creature
ho,ho
ed,ED
king,King
liquide,liquid
réglé,rule
gay,gay
apprend,learn
quant,as to
péché,Fishing
répéter,repeat
auprès,with
tâche,task
devine,guess
mener,carry out
vente,sale
plu,enjoyed
joueur,player
modèle,model
aurons,will have
up,up
mensonges,lies
fermez,close
traiter,treat
secteur,sector
soyons,let's be
barre,rod
appelée,called
projets,projects
roman,novel
veille,day before
étudier,to study
tenue,outfit
physique,physical
passait,passed
concours,competition
jaune,yellow
inconnu,unknown
victor,Victor
vision,vision
black,black
lentement,slowly
surface,surface
dick,dick
com,com
matt,matt
kilomètres,kilometers
baise,fuck
x,X
sers,serve
abandonne,abandoned
vivante,lively
spéciale,special
prof,teacher
poissons,Pisces
bosser,work
cherchais,sought
my,my
empire,empire
cigarettes,cigarettes
amies,friends
aventure,adventure
responsabilité,responsibility
sauve,Safe
devrions,should
lucy,Lucy
atteint,hit
infirmière,nurse
humeur,mood
descendez,Go down
résultats,results
tenté,tent
baisse,decrease
mn,mn
rare,rare
empreintes,fingerprints
proches,relatives
sauvage,wild
virer,fire
fumée,smoke
lisa,Lisa
engagé,engaged
romantique,romantic
cloche,Bell
brian,brian
magique,Magic
chers,Dear
comité,committee
choisis,choose
voila,here is
jaloux,jealous
divorce,divorce
lord,lord
données,data
détective,detective
rouges,red
fred,fred
ambulance,ambulance
rentrée,back to school
port,Harbor
anne,Anne
roy,roy
cochon,pig
enfuir,escape
devra,will have to
francisco,Francisco
ménage,household
roger,Roger
particulier,particular
journaliste,journalist
croix,cross
pareille,likely
royaume,kingdom
disparaître,to disappear
jus,juice
comte,county
sainte,holy
soucis,worry
allemagne,Germany
patience,patience
fallu,owl
net,net
suivez,follow
panique,panic
q,q
morceaux,parts
construit,built
crédit,credit
rater,to fail
normale,normal
attendait,was waiting
bye,bye
fromage,cheese
embrasse,kiss
complet,complete
bouffe,food
boutique,shop
seriez,would be
recommencer,restart
scénario,script
jeudi,Thursday
endroits,locations
brûler,burn
nommé,appointed
mardi,tuesday
hall,lobby
réalisé,realized
terry,Terry
passion,passion
enlevé,removed
profond,deep
télévision,television
abruti,fool
réussir,to succeed
répond,respond
red,red
emmené,taken
cadeaux,gifts
remonter,go back up
accompagner,accompany
johnson,johnson
différente,different
tromper,to trick
pot,jar
lien,link
serpent,snake
imaginez,Imagine
excusez,Excuse
trompé,deceived
cadavre,corpse
bouton,button
cancer,cancer
descend,descend
centaines,hundreds
poussière,dust
piscine,pool
entraînement,coaching
terminée,finished
tapis,carpet
esprits,spirits
phil,phil
inviter,invite
œuvre,artwork
imagination,imagination
chut,hush
park,park
existence,existence
empereur,emperor
décide,decided
eric,Eric
ascenseur,lift
criminel,criminal
révolution,revolution
principal,major
terres,lands
charmante,charming
promesse,promise
période,period
craint,fear
croyait,believed
courrier,mail
récemment,recently
écran,screen
anciens,old -fashioned
cris,cries
passes,passes
combattre,combat
réveille,wake up
feront,will do
élevé,raised
têtes,heads
souffre,suffer
quiconque,anyone
malheureux,unfortunate
césar,Caesar
arrives,arrival
empêche,stop
brisé,broken
garage,garage
russie,Russia
Jackson,Jackson
bêtes,beasts
tenter,to attempt
excellente,excellent
passent,pass
ferez,will do
pub,pub
logique,logic
version,version
permet,allow
parte,part
temple,temple
section,section
rythme,rhythm
propriété,property
étrangers,foreigners
finis,finish
erreurs,errors
feriez,would do
propose,propose
examen,review
nation,nation
approchez,approach
différentes,different
traduction,translation
reconnu,recognized
cap,cap
meurtres,murders
courageux,brave
profiter,enjoy
juré,sworn
miel,Honey
poil,hair 
rapports,reports
chic,chic
fonds,funds
aimerait,would like
sable,sand
lutte,struggle
fière,proud
is,is
japon,Japan
douze,twelve
labo,lab
ya,ya
agence,agency
cependant,however
indiens,Indian
donnera,will give
restent,remain
ceinture,belt
seins,tits
étonnant,amazing
uns,some
nourrir,to feed
inventé,invented
sérieuse,serious
ment,is lying
pratique,convenient
invite,guest
potes,friends
meurtrier,murderer
vegas,vegas
idéal,ideal
maîtresse,mistress
central,central
fume,smoke
équipage,crew
brillant,bright
trouvent,find
crie,calls out
laura,laura
commission,commission
nager,swim
boit,drinking
bombes,bombs
figure,figure
revolver,revolver
crème,cream
rat,rat
tempête,storm
refaire,remake
née,born
supporte,support
crever,die
conduite,conduct
lci,lci
brown,brown
pure,pure
traitement,treatment
porté,gate
voyait,saw
cabine,cabin
fuite,leak
nationale,national
estomac,stomach
machines,machines
julie,julie
couloir,corridor
emily,Emily
ouah,Wow
bijoux,jewelry
lâcher,let go
acteurs,actors
sentez,feel
couleurs,colors
naturel,natural
travaillait,was working
Wilson,Wilson
incendie,fire
camarades,comrades
chute,fall
accompagne,accompanied
passés,past
médecins,doctors
revenue,revenue
peinture,painting
reconnaître,to acknowledge
dollar,dollar
coupez,cut
prénom,first name
puce,chip
pur,pure
prier,pray
actions,actions
voisin,neighbor
officiers,officers
prévenu,warned
chaude,hot
bains,baths
démon,demon
pierres,stones
miroir,mirror
forcément,necessarily
lumières,lights
actrice,actress
jouait,played
vérifie,checked
comportement,behaviour
avoue,confession
aient,have
buvez,drink
calmer,calm
amy,Amy
technique,technical
nôtres,ours
obtenu,obtained
autrefois,in the old days
parlera,talk to
Ryan,Ryan
boss,boss
parier,to bet
correct,correct
septembre,september
libres,free
affronter,confront
doué,gifted
appellent,call
repose,rests
conditions,terms
parfum,scent
protège,protected
tasse,Cup
pensée,thought
salaire,salary
bagnole,car
infos,info
jolies,pretty
récompense,reward
kim,kim
essayons,let's try
ordinaire,ordinary
jeunesse,youth
musée,Museum
bébés,babies
chuck,chuck
plaisantes,pleasant
absence,absence
aiors,Aiors
échappé,escape
fausse,fake
jury,jury
étudiants,students
approcher,approach
espagne,Spain
aprés,after
blonde,blonde hair
condition,condition
race,breed
vend,sells
absurde,absurd
masque,mask
appellerai,will call
pardonner,to forgive
pouvoirs,powers
laissée,left
annoncer,announce
origine,origin
el,el
apprends,learn
poitrine,chest
tape,tape
remis,discarded
couvert,covered
large,wide
prenons,let's take
pressé,press
nu,naked
loup,wolf
urgent,urgent
attente,waiting
bêtises,foolery
appels,calls
mystère,mystery
travailles,work
vélo,bike
vends,sell
armé,armed
réaction,reaction
flotte,fleet
bleue,blue
foot,football
foutez,chatter
virus,virus
oeufs,eggs
élève,student
daniel,Daniel
êtres,beings
vengeance,revenge
stan,stan
essayais,tried
minable,shabby
cérémonie,ceremony
gordon,gordon
uniquement,uniquely
salauds,bastard
alan,alan
froide,cold
helen,helen
portée,scope
disque,disk
attaqué,offensive
résoudre,to resolve
moche,ugly
scientifique,scientist
colle,glue
lady,lady
maximum,maximum
déclaration,statement
installer,to install
blessés,wounded
effort,effort
iras,IRAS
commandement,commandment
panne,breakdown
visiter,to visit
disiez,say
venais,came
pointe,point
moque,mocking
chambres,bedrooms
convaincu,convinced
raisonnable,within reason
aiiez,AIIZ
rencontrés,met
qualité,quality
aimée,beloved
irait,would go
épousé,marry
attitude,attitude
joseph,joseph
esclave,slave
milliards,billion
guide,guide
oeuvre,artwork
humour,humor
bible,Bible
boule,ball
sacs,bags
avocats,lawyers
yo,yo
meurent,die
connaissait,knew
union,union
ex,ex
sally,sally
blesser,hurt
taylor,Taylor
maggie,Maggie
perdus,lost
malades,sick
jungle,jungle
jugement,judgement
essai,essay
écrivain,writer
digne,worthy
survécu,survived
julia,julia
vérifié,checked
linda,linda
brûlé,burnt
noble,noble
sauté,jumped up
gâcher,spoil
inquiet,worry
enterrement,burial
prenne,take
site,site
engager,to hire
rayon,Ray
traîner,hang out
rang,rank
traître,traitor
berlin,Berlin
parlant,speaking
orange,orange
jenny,Jenny
voudras,will want
sentais,Smelt
bourse,stock Exchange
élèves,students
manques,gap
faisaient,were doing
partage,share 
légende,legend
cave,cellar
voleurs,thieves
fruits,fruits
préviens,warn
connaissent,know
venant,from
policiers,policeman
paire,pair
pommes,apples
meilleures,best
cassette,cassette
sommet,Mountain peak
remplacer,replace
objets,objects
idiots,idiots
cage,cage
saurais,would be
limite,limit
ailes,wings
explication,explanation
ô,Ô
bond,jump
floride,Florida
travaillez,Work
carter,housing
conseiller,advise
portait,wore
condamné,sentenced
voyant,seeing
recule,recuis
bénisse,bless
associé,associated
auteur,author
écouté,listen
sorcière,witch
edward,Edward
livrer,deliver
plainte,complaint
réellement,Actually
albert,Albert
adulte,adult
pile,pile
communauté,community
mandat,mandate
éducation,education
ramené,brings back
réponses,responses
bagarre,fight
escalier,stairs
naturellement,naturally
désire,longed for
lignes,lines
incident,incident
kilos,pounds
rats,rats
quinze,fifteen
parties,parts
véhicule,vehicle
wayne,wayne
chasser,hunt
bottes,boots
objectif,purpose
patients,patients
suivante,next
respecte,respect
attrapé,caught
junior,junior
colline,hill
professionnel,professional
devoirs,homework
conseils,tips
effets,effects
fichu,darkened
blessure,wound
messages,messages
baby,baby
crimes,crimes
moscou,Moscow
villes,cities
voudra,will want to
moto,motorbike
domaine,domain
organisation,organization
aimable,friendly
forts,strong
eue,eue
exercice,practice
voyager,to travel
arrestation,arrest
fasses,make
pizza,pizza
barbe,beard
french,french
dossiers,files
tunnel,tunnel
voudrez,will want
arrivait,was coming
roses,roses
amiral,admiral
cabinet,cabinet
mére,mother
poursuivre,pursue
forcé,strength
huile,oil
grosses,big
ranger,tidy
furieux,mad
vivait,lived
aidera,will help
géant,giant
tim,Tim
tours,towers
retire,took of
vote,vote
autorisation,permission
risqué,risk
hitler,Hitler
rond,round
show,show
territoire,territory
venger,revenge
exprès,on purpose
tuerai,will kill
anges,angels
classique,classic
soutien,support
rentres,return
tokyo,Tokyo
proposition,proposal
love,love
tests,tests
pétrole,oil
réaliser,achieve
sortira,will come out
soirs,evenings
ministère,ministry
magazine,magazine
verres,glasses
échec,failure
vieilles,old
pourrions,could
bol,bowl
plaire,to please
miller,miller
respecter,respect
cons,cons
golf,golf
bibliothèque,library
attirer,to attract
drapeau,flag
possède,possesses
production,production
conférence,conference
efforts,efforts
pere,dad
putains,whores
précieux,precious
religion,religion
rêver,dream
épreuve,test
retenir,retain
football,soccer
Frankie,Frankie
échoué,failed
pisser,piss
Barry,Barry
sortes,sort of
circonstances,circumstances
kong,kong
mignonne,cute
excellence,Excellency
auto,car
do,do
vague,vague
arrêtes,stops
nôtre,our
vallée,valley
Morgan,Morgan
enterré,buried
tandis,while
duc,duke
pêre,dad
assassiné,murdered
ooo,ooo
charme,charm
quart,quarter
arrangé,arranged
guitare,guitar
remplir,to fill
Sophie,Sophie
crève,buzzer
Jesse,Jesse
Bruce,Bruce
Sara,Sara
refuser,to refuse
donnent,give
Luke,Luke
taper,type
critique,critical
secrète,secret
terminer,to end
hauteur,height
comédie,comedy
cimetière,graveyard
baisé,fucked
cardiaque,heart
Catherine,Catherine
chiffres,figures
fêter,to celebrate
trouverez,will find
indien,Indian
altesse,highness
occupée,busy
intelligente,intelligent
culture,culture
deviner,to guess
géniale,brilliant
limites,limits
Nancy,Nancy
précis,precise
éternité,eternity
ball,ball
plateau,tray
prises,taken
viendrai,will come
rempli,completed
clairement,clearly
intérêts,interests
langage,speech
aides,aid
feux,fires
Betty,Betty
copie,copy
profondément,deeply
fâché,angry
incapable,unable
mercredi,Wednesday
souffrance,suffering
avouer,confess
mile,mile
posez,Place
lion,lion
ali,Ali
soigner,to tend to
fenêtres,Windows
pue,stinking
électrique,electric
italien,Italian
traversé,crossed
réception,reception
énerve,irritated
rentrons,Let's go back
couvrir,cover
fonce,dark
Harvey,Harvey
Kyle,Kyle
produits,products
loyer,rent
grace,grace
bleus,blue
assistant,assistant
cervelle,brain
trente,thirty
yeah,Yeah
saches,know
national,national
avenue,avenue
evidemment,obviously
reçois,receive
cité,cited
liaison,connection
prouve,prove
collier,necklace
aprês,after
séance,session
placard,closet
criminels,criminals
irais,go
riz,rice
sandwich,sandwich
boston,Boston
parlerai,will speak
places,places
stade,stadium
gagnant,winner
moral,moral
tendre,tender
fleuve,River
mêre,mother
stanley,Stanley
trouvait,found
auparavant,previously
personnellement,personally
fièvre,fever
champs,fields
tuera,will kill
chatte,cat
actes,acts
restait,remained
amant,lover
concernant,re
las,the ace
ferons,will do
cherchent,they search
tenait,held
exécution,execution
ann,Ann
lou,lou
pédé,fag
prière,pray
hélas,Alas
sortent,come out
bateaux,boats
allaient,were going
durer,last
assise,seated
alarme,alarm
commencez,start
furent,were
prenait,taking
brad,brad
entièrement,entirely
médecine,medicine
juillet,july
sortis,out
sensible,sensitive
poudre,powder
finale,final
plais,pleasant
durs,hard
discussion,discussion
séparer,to separate
esclaves,slaves
instructions,Directions
beurre,butter
documents,documents
taré,tare
rick,rick
détail,retail
baron,baron
mettent,put
congrès,Congress
épaule,shoulder
poison,poison
final,final
métro,Metro
attendrai,will wait
serment,oath
chan,chan
pardonne,forgiven
espagnol,Spanish
supérieur,superior
w,W
degrés,degrees
rires,laughter
west,West
parker,parker
tuez,kill
œufs,eggs
fiancé,fiance
nerfs,nerves
portefeuille,wallet
robot,robot
internet,Internet
expert,expert
hank,hank
surveillance,surveillance
foutue,fucked up
rita,rita
réalisateur,director
entraîner,lead
martha,martha
descendu,descended
patrick,patrick
comté,county
congé,leave
finira,will end
caméras,cameras
sauce,sauce
balance,balance
destruction,destruction
moderne,modern
Carlos,Carlos
extrêmement,extremely
âmes,souls
expression,expression
marchera,will walk
commerce,trade
ivre,drunk
salopard,bastard
appétit,appetite
dette,debt
all,all
promener,to take a walk
employés,employees
admettre,admit
producteur,producer
attendons,let's wait
quittez,leave
brise,broken
wow,wow
juin,june
chats,cats
remets,put back
ajouter,add
couler,to flow
Pasteur,Pastor
alliez,combine
portrait,portrait
heu,uu
by,by
lancé,spear
diamants,diamonds
donnée,given
avantage,advantage
fidèle,faithful
juger,judge
renseignements,information
gang,gang
loué,rented
réseau,network
ouverture,opening
travaux,works
poussé,pushed
division,division
invitation,invitation
repartir,divide
trous,holes
rappelez,recall
totale,total
solide,solid
réservé,Reserve
Willie,Willie
autorité,authority
fermée,closed
munitions,ammunition
neveu,nephew
diras,will say
téléphoner,call