Unnamed: 0.2,Unnamed: 0.1,Unnamed: 0,french,english
0,0,0,je,I
1,1,1,de,of
2,2,2,est,is
3,3,3,pas,not
4,4,4,le,the
5,5,5,vous,you
6,6,6,la,the
7,7,7,tu,you
8,8,8,que,that
9,9,9,un,a
10,10,10,il,he
11,11,11,et,and
12,12,12,à,to 
13,13,13,a,has
14,14,14,ne,not
15,15,15,les,them
16,16,16,ce,this
17,17,17,en,in
18,18,18,on,we
19,19,19,ça,that
20,20,20,une,a
21,21,21,ai,have
22,22,22,pour,to
23,23,23,des,of the
24,24,24,moi,me
25,25,25,nous,we
26,26,26,y,Y
27,27,27,mais,but
28,28,28,me,me
29,29,29,dans,in
30,30,30,du,from
31,31,31,bien,Well
32,32,32,elle,she
33,33,33,si,if
34,34,34,tout,everything
35,35,35,plus,more
36,36,36,non,Nope
37,37,37,mon,my 
38,38,38,suis,am
39,39,39,te,you
40,40,40,au,to
41,41,41,avec,with
42,42,42,va,goes
43,43,43,oui,yes
44,44,44,toi,you
45,45,45,fait,do
46,46,46,ils,they
47,47,47,as,AS
48,48,48,être,to be
49,49,49,faire,To do
50,50,50,se,se
51,51,51,comme,as
52,52,52,était,was
53,53,53,sur,on
54,54,54,quoi,what
55,55,55,ici,here
56,56,56,sais,know
57,57,57,lui,him
58,58,58,veux,want
59,59,59,ma,my
60,60,60,là,the
61,61,61,rien,nothing
62,62,62,dit,said
63,63,63,es,es
64,64,64,où,where
65,65,65,votre,your
66,66,66,pourquoi,for what
67,67,67,sont,are
68,68,68,cette,this
69,69,69,quand,when
70,70,70,par,by
71,71,71,son,his 
72,72,72,ton,your
73,73,73,peux,can
74,74,74,vais,go
75,75,75,dire,say
76,76,76,alors,then
77,77,77,comment,How? 'Or' What
78,78,78,avez,have
79,79,79,bon,Well
80,80,80,ou,Where
81,81,81,très,very
82,82,82,merci,thank you
83,83,83,ont,have
84,84,84,même,even
85,85,85,jamais,never
86,86,86,aussi,Also
87,87,87,voir,see
88,88,88,chose,thing
89,89,89,allez,go
90,90,90,tous,all
91,91,91,deux,of them
92,92,92,ces,these
93,93,93,faut,should
94,94,94,sa,her
95,95,95,êtes,are
96,96,96,été,summer
97,97,97,ta,your
98,98,98,fais,do 
99,99,99,avoir,to have
100,100,100,peut,can
101,101,101,autre,other
102,102,102,m,M
103,103,103,encore,again
104,104,104,maintenant,now
105,105,105,peu,little
106,106,106,mes,my
107,107,107,vraiment,really
108,108,108,temps,time
109,109,109,notre,our
110,110,110,toujours,always
111,111,111,vie,life
112,112,112,sans,without
113,113,113,juste,just
114,114,114,oh,Oh
115,115,115,avait,had
116,116,116,accord,deal
117,117,117,vu,seen
118,118,118,monde,world
119,119,119,quelque,some
120,120,120,fois,time
121,121,121,aller,go
122,122,122,trop,too
123,123,123,viens,come
124,124,124,crois,believe
125,125,125,dieu,god
126,126,126,dois,must
127,127,127,homme,male
128,128,128,père,dad
129,129,129,sûr,safe
130,130,130,aux,to the
131,131,131,leur,their
132,132,132,avant,before
133,133,133,étais,is
134,134,134,besoin,need
135,135,135,femme,women
136,136,136,aime,love
137,137,137,personne,person
138,138,138,avais,had
139,139,139,chez,at the house of
140,140,140,vrai,TRUE
141,141,141,ans,year
142,142,142,mal,wrong
143,143,143,ses,his
144,144,144,parler,to speak
145,146,146,après,after
146,147,147,mort,dead
147,148,148,veut,wants
148,149,149,eu,eu
149,150,150,sera,will be
150,151,151,bonne,good
151,152,152,parce,by
152,153,153,mieux,better
153,154,154,petit,small
154,155,155,voilà,so
155,156,156,tes,your 
156,157,157,ca,that
157,158,158,dis,say
158,159,159,beaucoup,many
159,160,160,depuis,since
160,161,161,doit,must
161,162,162,vois,see 
162,163,163,mère,mother
163,164,164,vas,go
164,165,165,monsieur,sir
165,166,166,quel,what
166,167,167,déjà,already
167,168,168,fille,daughter
168,169,169,gens,people
169,170,170,donc,So
170,171,171,jour,day
171,172,172,soir,evening
172,173,173,autres,others
173,174,174,ii,II
174,175,175,toute,all
175,176,176,bonjour,hello
176,177,177,ll,ll
177,178,178,maison,home
178,179,179,nom,name
179,180,180,argent,money
180,181,181,nos,our
181,182,182,ouais,yeah
182,183,183,pense,thought
183,184,184,merde,shit
184,185,185,nuit,night
185,186,186,papa,dad
186,187,187,cela,that
187,188,188,salut,Hi
188,189,189,cet,this
189,190,190,avons,have
190,191,191,reste,rest
191,192,192,désolé,sorry
192,193,193,maman,mom
193,194,194,peur,fear
194,195,195,arrive,arrived
195,196,196,seul,Alone
196,197,197,vite,quickly
197,198,198,prendre,take
198,199,199,regarde,looked
199,200,200,air,air
200,201,201,soit,either
201,202,202,trois,three
202,203,203,quelle,what
203,204,204,passé,past
204,205,205,savoir,to know
205,206,206,plaît,jail
206,207,207,choses,things
207,208,208,moins,less
208,209,209,fils,son
209,210,210,entre,Between
210,211,211,bas,low
211,212,212,appelle,call
212,213,213,passe,pass
213,214,214,ah,ah
214,215,215,tête,head
215,216,216,demain,tomorrow
216,217,217,grand,big
217,218,218,arrête,stopped
218,219,219,faites,done
219,220,220,voulez,want
220,221,221,hé,Hey
221,222,222,attends,hold on
222,223,223,hein,eh
223,224,224,enfants,children
224,225,225,assez,quite
225,226,226,raison,raison
226,227,227,aurais,would have
227,228,228,voulais,wanted
228,229,229,elles,they
229,230,230,parle,speak
230,231,231,ok,okay
231,232,232,jours,days
232,233,233,dû,from
233,234,234,moment,moment
234,235,235,heure,hour
235,236,236,puis,then
236,237,237,gars,guys
237,238,238,hommes,men
238,239,239,amour,love
239,240,240,tard,late
240,241,241,toutes,all
241,242,242,sommes,are
242,243,243,tuer,kill
243,244,244,eh,eh
244,245,245,ami,friend
245,246,246,connais,know
246,247,247,petite,small
247,248,248,aider,to help
248,249,249,chance,chance
249,250,250,savez,know
250,251,251,partir,leave
251,252,252,sait,knows
252,253,253,combien,How many
253,254,254,voiture,car
254,255,255,tant,so much
255,256,256,pris,taken
256,257,257,part,go
257,258,258,problème,problem
258,259,259,prends,take
259,260,260,porte,gate
260,261,261,coup,stroke
261,262,262,serait,would be
262,263,263,venir,come
263,264,264,hui,hui
264,265,265,famille,family
265,266,266,travail,work 
266,267,267,pu,could
267,268,268,seule,only
268,269,269,sens,sense
269,270,270,ni,neither
270,271,271,allons,let's go
271,272,272,revoir,see again
272,273,273,idée,idea
273,274,274,putain,whore
274,275,275,passer,pass
275,276,276,contre,against
276,277,277,comprends,understand
277,278,278,entendu,understood
278,279,279,trouvé,found
279,280,280,trouver,to find
280,281,281,vieux,old 
281,282,282,vient,come
282,283,283,pendant,during
283,284,284,aurait,would have
284,285,285,quelques,some 
285,286,286,attention,Warning
286,287,287,demande,request
287,288,288,chercher,look for
288,289,289,sous,under
289,290,290,voici,here is
290,291,291,pourrait,might
291,292,292,sang,blood
292,293,293,pouvez,can
293,294,294,sortir,to go out
294,295,295,question,question
295,296,296,histoire,story
296,297,297,amis,friends
297,298,298,venez,come
298,299,299,frère,brother
299,300,300,rester,stay
300,301,301,fini,finished
301,302,302,nouveau,new 
302,303,303,truc,thing
303,304,304,tiens,take
304,305,305,mois,month
305,306,306,eux,them
306,307,307,mec,guy
307,308,308,yeux,eyes
308,309,309,laisse,leave alone
309,310,310,super,Great
310,311,311,belle,beautiful
311,312,312,longtemps,long time
312,313,313,police,police
313,314,314,eau,water
314,315,315,heures,hours
315,316,316,car,because
316,317,317,importe,imported
317,318,318,cas,case
318,319,319,vont,are going
319,320,320,chaque,each
320,321,321,terre,Earth
321,322,322,place,square
322,323,323,tué,kill
323,324,324,type,kind
324,325,325,main,hand
325,326,326,pardon,sorry
326,327,327,ensemble,whole
327,328,328,seulement,only
328,329,329,guerre,war
329,330,330,beau,beautiful
330,331,331,vers,toward
331,332,332,mme,Mrs
332,333,333,prie,pray
333,334,334,devant,in front
334,335,335,trouve,find
335,336,336,partie,part
336,337,337,suite,following
337,338,338,compris,Understood
338,339,339,matin,morning
339,340,340,leurs,their
340,341,341,aucun,none
341,342,342,arrivé,come
342,343,343,dessus,above
343,344,344,chérie,dear
344,345,345,mettre,to put
345,346,346,aide,aid
346,347,347,étaient,were
347,348,348,ie,ie
348,349,349,perdu,lost
349,350,350,fin,end
350,351,351,sois,be
351,352,352,premier,first 
352,353,353,genre,gender
353,354,354,aimerais,would like to
354,355,355,droit,right
355,356,356,donne,given
356,357,357,attendez,wait
357,358,358,jeune,young
358,359,359,feu,fire
359,360,360,devrais,should
360,361,361,enfant,child
361,362,362,chambre,bedroom
362,363,363,gros,fat
363,364,364,côté,side
364,365,365,venu,came
365,366,366,loin,far
366,367,367,laisser,let
367,368,368,donner,give
368,369,369,jouer,player
369,370,370,savais,knew
370,371,371,compte,account
371,372,372,s,s
372,373,373,parlé,speak
373,374,374,minutes,minutes
374,375,375,regardez,look
375,376,376,train,train
376,377,377,première,first
377,378,378,pouvoir,to be able to
378,379,379,aura,will have
379,380,380,mourir,to die
380,381,381,dernière,last
381,382,382,donné,given
382,383,383,ia,IA
383,384,384,mari,husband
384,385,385,écoute,listen
385,386,386,enfin,finally
386,387,387,devrait,should
387,388,388,mis,put
388,389,389,film,movie
389,390,390,aucune,any
390,391,391,fort,strong
391,392,392,façon,way
392,393,393,pays,country
393,394,394,prêt,ready
394,395,395,madame,Mrs
395,396,396,femmes,women
396,397,397,affaire,affair
397,398,398,pourrais,could
398,399,399,espère,hope
399,400,400,parti,left
400,401,401,h,h
401,402,402,boulot,gig
402,403,403,endroit,place
403,404,404,fou,mad
404,405,405,corps,body
405,406,406,hier,yesterday
406,407,407,dont,of which
407,408,408,désolée,sorry
408,409,409,grande,big
409,410,410,point,point
410,411,411,cinq,five
411,412,412,dehors,outside
412,413,413,filles,girls
413,414,414,cause,cause
414,415,415,vivre,to live
415,416,416,près,close
416,417,417,pensais,thought
417,418,418,garçon,boy
418,419,419,chef,chief
419,420,420,haut,high
420,421,421,capitaine,captain
421,422,422,dirait,would say
422,423,423,bébé,baby
423,424,424,celui,that's why I wrote to you
424,425,425,demandé,asked
425,426,426,possible,possible
426,427,427,mains,hands
427,428,428,ainsi,thus
428,429,429,quatre,four
429,430,430,nouvelle,news
430,431,431,années,years
431,432,432,plein,full
432,433,433,semaine,week
433,434,434,dites,say
434,435,435,croire,believe
435,436,436,marche,walking
436,437,437,tour,tower
437,438,438,école,school
438,439,439,manger,eat
439,440,440,plutôt,rather 
440,441,441,docteur,doctor
441,442,442,ceux,those
442,443,443,vérité,truth
443,444,444,vue,seen
444,445,445,arrêter,Stop
445,446,446,essaie,try
446,447,447,envie,urge
447,448,448,bientôt,soon
448,449,449,instant,moment
449,450,450,dernier,last
450,451,451,affaires,business
451,452,452,arriver,arrive
452,453,453,demander,asking for
453,454,454,meilleur,better
454,455,455,font,make
455,456,456,derrière,behind
456,457,457,c,vs
457,458,458,dollars,dollars
458,459,459,presque,almost
459,460,460,dr,DR
460,461,461,tellement,such
461,462,462,tomber,fall
462,463,463,journée,daytime
463,464,464,voulait,wanted to
464,465,465,appeler,to call
465,466,466,bureau,office
466,467,467,confiance,trust
467,468,468,garde,keep
468,469,469,attendre,expect
469,470,470,numéro,number
470,471,471,serai,will be
471,472,472,dur,hard
472,473,473,á,has
473,474,474,souviens,remember
474,475,475,o,o
475,476,476,voyez,see
476,477,477,cours,Classes
477,478,478,bonsoir,good evening
478,479,479,route,road
479,480,480,fera,will
480,481,481,prend,take
481,482,482,cul,ass
482,483,483,abord,on board
483,484,484,important,important
484,485,485,peine,sadness
485,486,486,croyais,believed
486,487,487,mot,word
487,488,488,devez,must
488,489,489,suffit,enough
489,490,490,minute,minute
490,491,491,ferme,closed
491,492,492,ben,ben
492,493,493,plaisir,pleasure
493,494,494,chien,dog
494,495,495,jeu,Game
495,496,496,seigneur,lord
496,497,497,messieurs,gentlemen
497,498,498,calme,calm
498,499,499,voudrais,would like
499,500,500,heureux,happy
500,501,501,prenez,take
501,502,502,mariage,wedding
502,503,503,voit,sees
503,504,504,parents,parents
504,505,505,lls,lls
505,506,506,dedans,inside
506,507,507,entrer,to enter
507,508,508,lit,bed
508,509,509,parfait,perfect
509,510,510,fous,crazy
510,511,511,mlle,Ms
511,512,512,rentrer,to return
512,513,513,ait,has
513,514,514,musique,music
514,515,515,arrêtez,Stop
515,516,516,autant,as much
516,517,517,service,service
517,518,518,reviens,come back
518,519,519,ceci,this
519,520,520,drôle,funny
520,521,521,attend,waits
521,522,522,parfois,sometimes
522,523,523,téléphone,phone
523,524,524,retour,return
524,525,525,ira,will go
525,526,526,e,e
526,527,527,pauvre,poor
527,528,528,verre,glass
528,529,529,général,general
529,530,530,new,new
530,531,531,six,six
531,532,532,pensé,thought
532,533,533,l,I
533,534,534,impossible,impossible
534,535,535,fête,party
535,536,536,adore,adore
536,537,537,coeur,heart
537,538,538,aimes,love
538,539,539,ci,this
539,540,540,ferai,will do
540,541,541,président,President
541,542,542,doute,doubt
542,543,543,facile,easy
543,544,544,entends,hear
544,545,545,payer,to pay
545,546,546,appelé,called
546,547,547,prison,jail
547,548,548,john,john
548,549,549,sors,go outside
549,550,550,café,coffee
550,551,551,vaut,worth
551,552,552,mauvais,Wrong
552,553,553,chéri,dear
553,554,554,oublié,forget it
554,555,555,bras,arms
555,556,556,i,I
556,557,557,gentil,kindly
557,558,558,faute,mistake
558,559,559,équipe,team 
559,560,560,exactement,exactly
560,561,561,cœur,heart
561,562,562,penser,think
562,563,563,changer,change
563,564,564,commence,begin
564,565,565,lieu,location
565,566,566,entendre,To hear
566,567,567,ies,ies
567,568,568,roi,King
568,569,569,plan,plan
569,570,570,partout,all over
570,571,571,joue,cheek
571,572,572,cher,dear
572,573,573,morts,dead
573,574,574,rendre,render
574,575,575,écrit,written
575,576,576,travailler,to work
576,577,577,malade,sick
577,578,578,sinon,otherwise
578,579,579,génial,great
579,580,580,regarder,watch
580,581,581,veulent,want
581,582,582,montrer,to show
582,583,583,rentre,go home
583,584,584,travaille,work
584,585,585,armée,army
585,586,586,voulu,desired
586,587,587,cherche,look for
587,588,588,état,state
588,589,589,boire,drink
589,590,590,sécurité,security
590,591,591,dès,of the
591,592,592,esprit,mind
592,593,593,année,year
593,594,594,dix,ten
594,595,595,york,york
595,596,596,laissé,leave alone
596,597,597,bois,drink
597,598,598,mets,put
598,599,599,propre,clean
600,601,601,jack,jack
601,602,602,essayer,to try
602,603,603,faisait,did
603,604,604,tôt,early
604,605,605,surtout,Above all
605,606,606,arme,armed
606,607,607,t,t
607,608,608,rêve,dream
608,609,609,perdre,to lose
609,610,610,avis,opinion
610,611,611,semble,seems
611,612,612,pire,worse 
612,613,613,simple,simple
613,614,614,penses,thinking
614,615,615,parles,speak
615,616,616,paix,peace
616,617,617,livre,book
617,618,618,dormir,sleep
618,619,619,voyons,let's see
619,620,620,difficile,difficult
620,621,621,retard,delay
621,622,622,allait,was going to
622,623,623,d,d
623,624,624,sujet,topic
624,625,625,appris,learned
625,626,626,ensuite,then
626,627,627,sauf,except
627,628,628,maître,master
628,629,629,morte,dead
629,630,630,noir,black
630,631,631,or,gold
631,632,632,dîner,having dinner
632,633,633,choix,choice
633,634,634,serais,would be
634,635,635,écoute,listen
635,636,636,sale,dirty
636,637,637,étiez,have been
637,638,638,sûrement,surely
638,639,639,an,year
639,640,640,ordre,order
640,641,641,souvent,often
641,642,642,essayé,tried
642,643,643,peuvent,can
643,644,644,visage,face
644,645,645,bout,end 
645,646,646,changé,exchange
646,647,647,sérieux,serious
647,648,648,inquiète,worry
648,649,649,âge,age
649,650,650,photo,Photo
650,651,651,rue,street
651,652,652,tirer,to pull
652,653,653,comprendre,understand
653,654,654,face,face
654,655,655,semaines,weeks
655,656,656,marché,market
656,657,657,questions,Questions
657,658,658,honneur,honor
658,659,659,ciel,sky
659,660,660,allé,go
660,661,661,garder,to keep
661,662,662,chemin,path
662,663,663,grave,severe
663,664,664,gauche,left
664,665,665,petits,small
665,666,666,courant,fluent
666,667,667,amie,friend
667,668,668,nouvelles,new
668,669,669,avion,plane
669,670,670,con,stupid
670,671,671,content,happy
671,672,672,force,strength
672,673,673,millions,millions
673,674,674,oublie,forget
674,675,675,devoir,Homework
675,676,676,prochaine,next
676,677,677,prix,price
677,678,678,propos,about
678,679,679,bateau,ship
679,680,680,bouge,move
680,681,681,voix,voice
681,682,682,rouge,red
682,683,683,restez,Stay
683,684,684,celle,that
684,685,685,pouvais,could
685,686,686,personnes,people
686,687,687,ferais,would do
687,688,688,début,start
688,689,689,espèce,species
689,690,690,gueule,mouth
690,691,691,acheter,buy
691,692,692,continue,keep on going
692,693,693,sort,spell
693,694,694,faim,hunger
694,695,695,long,long
695,696,696,j,J
696,697,697,voyage,trip
697,698,698,message,message
698,699,699,sorte,sort
699,700,700,reçu,received
700,701,701,bienvenue,welcome
701,702,702,idiot,idiot
702,703,703,certains,some
703,704,704,hôpital,hospital
704,705,705,promis,promised
705,706,706,devenir,to become
706,707,707,ouvre,open
707,708,708,grâce,grace
708,709,709,sûre,safe
709,710,710,problèmes,problems
710,711,711,armes,weapons
711,712,712,trucs,stuff
712,713,713,camp,camp
713,714,714,allais,alla
714,715,715,occupe,to keep busy
715,716,716,devait,had to
716,717,717,manque,lack
717,718,718,connaissez,know
718,719,719,thé,tea
719,720,720,avaient,had
720,721,721,cheveux,hair
721,722,722,soleil,sun
722,723,723,salle,Hall
723,724,724,gagner,to earn
724,725,725,laissez,leave
725,726,726,erreur,error
726,727,727,cru,believed
727,728,728,pars,go
728,729,729,bizarre,weird
729,730,730,croyez,believe
730,731,731,sac,bag
731,732,732,hôtel,hotel
732,733,734,pièce,room
733,734,735,pouvait,could
734,735,736,fond,background
735,736,737,soirée,evening
736,737,738,secret,secret
737,738,739,patron,boss
738,739,740,rapport,report
739,740,741,apprendre,learn
740,741,742,commencé,start
741,742,743,sauver,save
742,743,744,seconde,second
743,744,745,pensez,think
744,745,746,allô,hi
745,746,747,ailleurs,elsewhere
746,747,748,agent,agent
747,748,749,froid,cold
748,749,750,seras,will be
749,750,751,pied,foot
750,751,752,jolie,pretty one
751,752,753,revenir,to come back
752,753,754,scène,stage
753,754,755,pieds,feet
754,755,756,n,not
755,756,757,devons,owe
756,757,758,groupe,band
757,758,759,carte,menu
758,759,760,aurai,will have
759,760,761,effet,effect
760,761,762,neuf,nine
761,762,763,fallait,had to
762,763,764,monte,mounted
764,765,766,noël,Xmas
765,766,767,venue,come
766,767,768,mots,words
767,768,769,tire,drawn
768,769,770,droite,right
769,770,771,libre,free
770,771,772,soeur,sister
771,772,773,situation,situation
772,773,774,seront,will be
773,774,775,faux,fake
774,775,776,bordel,mess
775,776,777,foutre,cum
776,777,778,lumière,light
777,778,779,euh,uh
778,779,780,incroyable,unbelievable
779,780,781,tue,kill
780,781,782,joli,nice
781,782,783,connaît,know
782,783,784,debout,standing
783,784,785,colonel,colonel
784,785,786,cheval,horse
785,786,787,écoutez,Listen
786,787,788,george,George
787,788,789,joe,joe
788,789,790,entrez,Come in
789,790,791,intérieur,interior
790,791,792,coin,corner
791,792,793,auras,auras
792,793,794,gagné,won
793,794,795,fric,money
794,795,796,loi,law
795,796,797,absolument,absolutely
796,797,798,dame,lady
797,798,799,cool,cool
798,799,800,magnifique,magnificent
799,800,801,dos,back
800,801,802,occuper,to occupy
801,802,803,présent,here
802,803,804,retrouver,to regain
803,804,805,réussi,successful
804,805,806,frank,Frank
805,806,807,rencontrer,to meet
806,807,808,aviez,had
807,808,809,meilleure,best
808,809,810,âme,soul
809,810,811,prêts,loans
810,811,812,doucement,gently
811,812,813,table,table
812,813,814,lettre,letter
813,814,815,rappelle,remember
814,815,816,sam,sat
815,816,817,fut,was
816,817,818,risque,risk
817,818,819,ordres,orders
818,819,820,appel,call
819,820,821,commencer,to start
820,821,822,terminé,completed
821,822,823,agit,act
822,823,824,blanc,White
823,824,825,sœur,sister
824,825,826,pareil,the same
825,826,827,charlie,charlie
826,827,828,chaud,warm
827,828,829,finir,finish
828,829,830,touche,touch
829,830,831,avance,advance
830,831,832,ignore,ignore
831,832,833,meurtre,murder
832,833,834,tranquille,calm
833,834,835,anniversaire,anniversary
834,835,836,déjeuner,to eat lunch
835,836,837,disais,said
836,837,838,bord,edge
837,838,839,tom,Tom
838,839,840,jeunes,youth
839,840,841,accident,accident
840,841,842,parlez,speak
841,842,843,fasse,do
842,843,844,complètement,completely
843,844,845,déteste,hated
844,845,846,clair,clear
845,846,847,marcher,walk
846,847,848,disait,said
847,848,849,mauvaise,bad
848,849,850,envoyé,sent
849,850,851,â,has
850,851,852,professeur,teacher
851,852,853,heureuse,happy
852,853,854,doivent,have to
853,854,855,midi,midday
854,855,856,lire,read
855,856,857,moyen,average
856,857,858,ferait,would do
857,858,859,commandant,commanding officer
858,859,860,vraie,real
859,860,861,sept,seven
860,861,862,forme,shape
861,862,863,tombe,fall
862,863,864,silence,silence
863,864,865,sortez,get out
864,865,866,connaître,to know
865,866,867,puisse,may
866,867,868,cadeau,present
867,868,869,flics,cops
868,869,870,mer,sea
869,870,871,médecin,doctor
870,871,872,exact,exact
871,872,873,décidé,decided
872,873,874,moitié,half
873,874,875,surprise,surprise
874,875,876,avocat,attorney
875,876,877,montre,show
876,877,878,b,B
877,878,879,su,su
878,879,880,porter,carry
879,880,881,télé,TV
880,881,882,vivant,living
881,882,883,jure,sworn
882,883,884,disent,say
883,884,885,mr,MR
884,885,886,serez,will be
885,886,887,devriez,should
886,887,888,devenu,became
887,888,889,aimé,like
888,889,890,diable,Devil
889,890,891,ligne,line
890,891,892,mission,assignment
891,892,893,suppose,Assumed
892,893,894,chacun,each
893,894,895,autour,around
894,895,896,pote,pal
895,896,897,grosse,fat
896,897,898,expliquer,explain
897,898,899,arrivée,arrival
898,899,900,monter,ascend
899,900,901,balle,ball
900,901,902,selon,according to
901,902,903,photos,Pictures
902,903,904,contrôle,control
903,904,905,prête,ready
904,905,906,anglais,English
905,906,907,sorti,got out
906,907,908,k,k
907,908,909,bons,good
908,909,910,disparu,gone
909,910,911,tenir,hold
910,911,912,simplement,simply
911,912,913,quitter,leave
912,913,914,envoie,send
913,914,915,paul,Paul
914,915,916,aimer,to like
915,916,917,voie,way
916,917,918,paris,Paris
917,918,919,classe,class
918,919,920,huit,eight
919,920,921,offre,offer
920,921,922,poste,post
921,922,923,dangereux,dangerous
922,923,924,attaque,offensive
923,924,925,impression,impression
924,925,926,folle,crazy woman
925,926,927,michael,Michael
926,927,928,mange,eat
927,928,929,bravo,well done
928,929,930,arrière,back
929,930,931,amérique,America
930,931,932,suivre,to follow
931,932,933,aille,wing
932,933,934,oublier,forget
933,934,935,peuple,people
934,935,936,baiser,kiss
935,936,937,rencontré,meet
936,937,938,honte,shame 
937,938,939,connard,asshole
938,939,940,trou,hole
939,940,941,retourner,to return to
940,941,942,chanson,song
941,942,943,change,exchange
942,943,944,arrêté,stopped
943,944,945,enfer,hell
944,945,946,écrire,to write
945,946,947,livres,books
946,947,948,habitude,habit
947,948,949,réponse,answer
948,949,951,lieutenant,lieutenant
949,950,952,savait,knew
950,951,953,radio,radio
951,952,954,tenez,hold
952,953,955,bande,bandaged
953,954,956,bob,bob
954,955,957,rend,renders
955,956,958,compagnie,company
956,957,959,connu,known
957,958,960,secours,rescue
958,959,961,danse,dance
959,960,962,met,put
960,961,963,vol,flight
961,962,964,vit,lives
962,963,965,conneries,bullshit
963,964,966,aurez,will have
964,965,967,imagine,conceived
965,966,968,boîte,box
966,967,969,joué,cheek
967,968,970,triste,sad
968,969,971,sud,south
969,970,972,lu,read
970,971,973,tel,Phone
971,972,974,merveilleux,wonderful
972,973,975,pute,whore
973,974,976,aie,Ouch
974,975,977,ressemble,looks like
975,976,978,coucher,sleep
976,977,979,ennuis,troubles
977,978,980,volé,Fly
978,979,981,sortie,exit
979,980,982,devais,had to
980,981,983,combat,fight
981,982,984,bouche,blocked
982,983,985,certain,certain
983,984,986,visite,visit
984,985,987,existe,exist
985,986,988,bête,stupid
986,987,989,retourne,return
987,988,990,approche,approach
988,989,991,pourtant,yet
989,990,992,plusieurs,many
990,991,993,rire,to laugh
991,992,994,but,goal
992,993,995,sergent,sergeant
993,994,996,public,audience
994,995,997,système,system
995,996,998,présente,present
996,997,999,dirai,will say
997,998,1000,faudra,will have to
998,999,1001,écouter,listen
999,1000,1002,hors,except
1000,1001,1003,exemple,example
1001,1002,1004,vendre,to sell
1002,1003,1005,coups,strokes
1003,1004,1006,pourra,may
1004,1005,1007,sympa,nice
1005,1006,1008,nord,north
1006,1007,1009,cuisine,food
1007,1008,1010,époque,era
1008,1009,1011,grands,tidy
1009,1010,1012,héros,hero
1010,1011,1013,étrange,odd
1011,1012,1014,avenir,coming
1012,1013,1015,danger,hazard
1013,1014,1016,envoyer,send
1014,1015,1017,gouvernement,government
1015,1016,1018,danser,to dance
1016,1017,1019,lune,moon
1017,1018,1020,etre,to be=
1018,1019,1021,poser,to pose
1019,1020,1022,partez,set off
1020,1021,1023,normal,normal
1021,1022,1024,peau,skin
1022,1023,1025,santé,health
1023,1024,1026,ecoutez,Listen
1024,1025,1027,ouvrir,open
1025,1026,1028,nez,nose
1026,1027,1029,secondes,seconds
1027,1028,1030,amoureux,lover
1028,1029,1031,dommage,shame
1029,1030,1032,pleine,full
1030,1031,1033,mille,thousand
1031,1032,1034,banque,bank
1032,1033,1035,voler,fly
1033,1034,1036,clé,key
1034,1035,1037,bonnes,good
1035,1036,1038,servir,to serve
1036,1037,1039,journal,log
1037,1038,1040,village,town
1038,1039,1041,tient,is holding
1039,1040,1042,flic,cop
1040,1041,1043,salaud,bastard
1041,1042,1044,juge,judge
1042,1043,1045,tiré,drawn
1043,1044,1046,cour,court
1044,1045,1047,assis,sat
1045,1046,1048,bruit,noise
1046,1047,1049,terrible,terrible
1047,1048,1050,prochain,next
1048,1049,1051,inspecteur,inspector
1049,1050,1052,liberté,freedom
1050,1051,1053,robe,dress
1051,1052,1054,crime,crime
1052,1053,1055,bière,beer
1053,1054,1056,tas,pile
1054,1055,1057,viennent,are coming
1055,1056,1058,don,Don
1056,1057,1059,reine,queen
1057,1058,1060,protéger,protect
1058,1059,1061,seuls,only
1059,1060,1062,préfère,favorite
1060,1061,1063,bar,bar
1061,1062,1064,dingue,crazy
1062,1063,1065,vent,wind
1063,1064,1066,pitié,pity
1064,1065,1067,croit,believes
1065,1066,1068,payé,paid
1066,1067,1069,travers,through
1067,1068,1070,club,club
1068,1069,1071,garçons,boys
1069,1070,1072,conseil,advice
1070,1071,1073,mesdames,ladies
1071,1072,1074,sol,floor
1072,1073,1075,bonheur,happiness
1073,1074,1076,rêves,dreams
1074,1075,1077,centre,center
1075,1076,1078,thé,tea
1076,1077,1079,mêmes,same
1077,1078,1080,avions,planes
1078,1079,1081,mike,mike
1079,1080,1082,nulle,nothing
1080,1081,1083,stupide,stupid
1081,1082,1084,pouvons,can
1082,1083,1085,vin,wine
1083,1084,1086,tante,aunt
1084,1085,1087,sent,feel
1085,1086,1088,fiche,plug
1086,1087,1089,milieu,environment
1087,1088,1090,signe,sign
1089,1090,1092,appelez,call
1090,1091,1093,départ,departure
1091,1092,1094,inutile,useless
1092,1093,1095,emmener,bring
1093,1094,1096,comprenez,understand
1094,1095,1097,liste,list
1095,1096,1098,gamin,kid
1096,1097,1099,johnny,johnny
1097,1098,1100,hey,hey
1098,1099,1101,prise,socket
1099,1100,1102,savent,know
1100,1101,1103,différent,different
1101,1102,1104,verra,will see
1102,1103,1105,probablement,probably
1103,1104,1106,intérêt,interest
1104,1105,1107,choisi,selected
1106,1107,1109,ennemi,enemy
1107,1108,1110,vêtements,clothes
1108,1109,1111,aimez,like
1109,1110,1112,recherche,research
1110,1111,1113,société,society
1111,1112,1114,faisais,do
1112,1113,1115,peter,to fart
1113,1114,1116,œil,eye
1114,1115,1117,soin,care
1115,1116,1118,chère,Dear
1116,1117,1119,tourne,turned
1117,1118,1120,ià,ià
1118,1119,1121,descendre,go down
1119,1120,1122,félicitations,congratulations
1120,1121,1123,pose,laid
1121,1122,1124,position,position
1122,1123,1125,oeil,eye
1123,1124,1126,vouloir,want
1124,1125,1127,mecs,guys
1125,1126,1128,irai,go
1126,1127,1129,spectacle,show
1127,1128,1130,acheté,purchased
1128,1129,1131,laquelle,which
1129,1130,1132,rôle,role
1130,1131,1133,intéresse,interested
1131,1132,1134,utiliser,use
1132,1133,1135,match,match
1133,1134,1136,devient,bECOMES
1134,1135,1137,quitté,quits
1135,1136,1138,asseoir,Sit
1136,1137,1139,environ,around
1137,1138,1140,plait,beating
1138,1139,1141,mur,wall
1139,1140,1142,blessé,hurt
1140,1141,1143,mise,putting
1141,1142,1144,harry,harry
1142,1143,1145,you,you
1143,1144,1146,beauté,beauty
1144,1145,1147,salope,slut
1145,1146,1148,parie,bett
1146,1147,1149,sert,serve
1147,1148,1150,soldats,soldiers
1148,1149,1151,films,movies
1149,1150,1152,américain,American
1150,1151,1153,marier,marry
1151,1152,1154,entrée,Starter
1152,1153,1155,soldat,soldier
1153,1154,1156,ouvert,open
1154,1155,1157,sauter,to jump
1155,1156,1158,londres,London
1156,1157,1159,eiie,eiie
1157,1158,1160,lequel,which
1158,1159,1161,lâche,cowardly
1159,1160,1162,église,church
1160,1161,1163,pierre,Pierre
1161,1162,1164,art,art
1162,1163,1165,fenêtre,window
1163,1164,1166,humain,human
1164,1165,1167,tort,wrong
1165,1166,1168,cerveau,brain
1166,1167,1169,coupable,guilty
1167,1168,1170,petites,small
1168,1169,1171,promets,promotion
1169,1170,1172,adresse,address
1170,1171,1173,prince,prince
1171,1172,1174,quartier,neighborhood
1172,1173,1175,espoir,hope
1173,1174,1176,conduire,drive
1174,1175,1177,auriez,would have
1175,1176,1178,ridicule,ridiculous
1176,1177,1179,justice,justice
1177,1178,1180,rose,pink
1178,1179,1181,venus,Venus
1179,1180,1182,max,max
1180,1181,1183,jimmy,jimmy
1181,1182,1184,presse,hurry
1182,1183,1185,adieu,goodbye
1183,1184,1186,revient,come back
1184,1185,1187,expérience,experience
1185,1186,1188,présenter,to present
1186,1187,1189,tombé,fall
1187,1188,1190,faisons,let's do
1188,1189,1191,épouser,marry
1189,1190,1192,frères,brothers
1190,1191,1193,veuillez,please
1191,1192,1194,revenu,revenue
1192,1193,1195,colère,anger
1193,1194,1196,bill,bill
1194,1195,1197,vis,screw
1195,1196,1198,james,james
1196,1197,1199,pourriez,could
1197,1198,1200,jim,jim
1198,1199,1201,intéressant,interesting
1199,1200,1202,ouvrez,open
1200,1201,1203,nature,nature
1201,1202,1204,gosse,kid
1202,1203,1205,taxi,Taxi
1203,1204,1206,fier,proud
1204,1205,1207,preuve,proof
1205,1206,1208,riche,rich
1206,1207,1209,faudrait,should
1207,1208,1210,base,base
1208,1209,1212,vide,empty
1209,1210,1213,portes,doors
1210,1211,1214,mademoiselle,miss 
1211,1212,1215,formidable,tremendous
1212,1213,1216,nul,no
1213,1214,1217,directeur,director
1214,1215,1218,chanter,sing
1215,1216,1219,contact,contact
1216,1217,1220,histoires,stories
1217,1218,1221,marié,married
1218,1219,1222,défense,defense
1219,1220,1223,répondre,reply
1220,1221,1224,excuse,excuse
1221,1222,1225,responsable,responsible
1222,1223,1226,deuxième,second
1223,1224,1227,mary,mary
1224,1225,1228,san,San
1225,1226,1229,appartement,apartment
1226,1227,1230,décision,decision
1227,1228,1231,cinéma,movie theater
1228,1229,1232,jeter,discard
1229,1230,1233,aimais,loved
1230,1231,1234,cacher,hide
1231,1232,1235,glace,ice
1232,1233,1236,occasion,occasion
1233,1234,1237,dents,teeth
1234,1235,1238,vacances,holidays
1235,1236,1239,course,race
1236,1237,1240,ravi,very pleased
1237,1238,1241,tueur,killer
1238,1239,1242,sentir,feel
1239,1240,1243,courage,courage
1240,1241,1244,jésus,Jesus
1241,1242,1245,allée,aisle
1242,1243,1246,capable,able
1243,1244,1247,essayez,try
1244,1245,1248,sauvé,Safe
1245,1246,1249,longue,long
1246,1247,1250,parmi,among
1247,1248,1251,continuez,continue
1248,1249,1252,paie,pay
1249,1250,1253,superbe,stunning
1250,1251,1254,français,French
1251,1252,1255,souvenir,memory
1252,1253,1256,ouest,west
1253,1254,1257,dégage,clear
1254,1255,1258,jambes,legs
1255,1256,1259,coupe,chopped off
1256,1257,1260,immédiatement,immediately
1257,1258,1261,machine,machine
1258,1259,1262,épouse,spouse
1259,1260,1263,telle,such
1260,1261,1264,marie,married
1261,1262,1265,mien,mine
1262,1263,1266,pius,pius
1263,1264,1267,certainement,definitely
1264,1265,1268,bombe,bomb
1265,1266,1269,types,types
1266,1267,1270,p,p
1267,1268,1271,né,born
1268,1269,1272,manière,manner
1269,1270,1273,gagne,won
1271,1272,1275,chier,take a dump
1272,1273,1276,trouves,found
1273,1274,1277,u,U
1274,1275,1278,idées,ideas
1275,1276,1279,touché,hit
1276,1277,1280,rendu,rendering
1277,1278,1281,monstre,freak
1278,1279,1282,km,km
1279,1280,1283,retrouve,find
1280,1281,1284,ha,Ha
1281,1282,1285,f,F
1282,1283,1286,importance,importance
1283,1284,1287,joie,joy
1284,1285,1288,dérange,disturbs
1285,1286,1289,arrivent,arrive
1286,1287,1290,court,short
1287,1288,1291,pont,bridge
1288,1289,1292,foutu,fucked up
1289,1290,1293,bain,bath
1290,1291,1294,oubliez,forget
1291,1292,1295,tourner,turn
1292,1293,1296,contente,satisfied
1293,1294,1297,attendais,expected
1294,1295,1298,cent,hundred
1295,1296,1299,enchanté,delighted
1296,1297,1300,signifie,means
1297,1298,1301,américains,American
1298,1299,1302,iis,iis
1299,1300,1303,quitte,quits
1300,1301,1304,poisson,fish
1301,1302,1305,henry,Henry
1302,1303,1306,ayez,have
1303,1304,1307,terrain,ground
1304,1305,1308,enquête,survey
1305,1306,1309,horrible,horrible
1306,1307,1311,certaines,some
1307,1308,1312,r,R
1308,1309,1313,camion,truck
1309,1310,1314,copine,friend
1310,1311,1315,joyeux,joyful
1311,1312,1316,shérif,sheriff
1312,1313,1317,ramener,to bring back
1313,1314,1318,descends,go down
1314,1315,1319,éviter,avoid
1315,1316,1320,projet,project
1316,1317,1321,and,and
1317,1318,1322,dossier,case
1318,1319,1323,respect,respect
1319,1320,1324,excellent,excellent
1320,1321,1325,envers,towards
1321,1322,1326,mariée,bride
1322,1323,1327,occupé,busy
1323,1324,1328,lorsque,when
1324,1325,1329,blanche,white
1325,1326,1330,majesté,majesty
1326,1327,1331,rencontre,meet
1327,1328,1332,toucher,to touch
1328,1329,1333,ange,angel
1329,1330,1334,refuse,denied
1330,1331,1335,charge,charge
1331,1332,1336,billy,billy
1332,1333,1337,chevaux,horses
1333,1334,1338,v,V
1334,1335,1339,chiens,dogs
1335,1336,1340,empêcher,to prevent
1336,1337,1341,dure,lasts
1337,1338,1342,faits,facts
1338,1339,1343,animaux,animals
1339,1340,1344,meilleurs,best
1340,1341,1345,plupart,mostly
1341,1342,1346,emmène,take
1342,1343,1347,étions,were
1343,1344,1348,politique,Politics
1344,1345,1349,chaussures,shoes
1345,1346,1350,langue,tongue
1346,1347,1351,mangé,eat
1347,1348,1352,douleur,pain
1348,1349,1353,planète,planet
1349,1350,1354,offrir,to offer
1350,1351,1355,règles,rules
1351,1352,1356,drogue,dope
1352,1353,1357,réalité,reality
1353,1354,1358,bus,bus
1354,1355,1359,enfoiré,Motherfucker
1355,1356,1360,dirais,would say
1356,1357,1361,permis,permit
1357,1358,1362,vécu,lived
1358,1359,1363,chapeau,hat
1359,1360,1364,île,Isle
1360,1361,1365,réunion,meeting
1361,1362,1366,soient,are
1362,1363,1367,contraire,opposite
1363,1364,1368,tony,tony
1364,1365,1369,mettez,put
1365,1366,1370,nick,nick
1366,1367,1371,arrivera,to arrive at
1367,1368,1372,excuser,excuse
1368,1369,1373,code,coded
1369,1370,1374,couleur,color
1370,1371,1375,rapide,quick
1371,1372,1376,raconte,recount
1372,1373,1377,papier,paper
1373,1374,1378,discuter,discuss
1374,1375,1379,opération,surgery
1375,1376,1380,cartes,cards
1376,1377,1381,nourriture,food
1377,1378,1382,entier,entire
1378,1379,1383,nécessaire,necessary
1379,1380,1384,frais,fresh
1380,1381,1385,toilettes,bathroom
1381,1382,1386,spécial,special
1382,1383,1387,vaisseau,vessel
1383,1384,1388,action,stock
1384,1385,1389,princesse,princess
1385,1386,1390,magasin,warehouse
1386,1387,1391,copain,buddy
1387,1388,1392,sache,beam
1388,1389,1393,bu,drank
1389,1390,1394,steve,steve
1390,1391,1395,découvert,discovered
1391,1392,1396,pain,bread
1392,1393,1397,mignon,cute
1393,1394,1398,taille,cut
1394,1395,1399,sacré,sacred
1395,1396,1400,rends,renders
1396,1397,1401,eddie,Eddie
1397,1398,1402,double,double
1398,1399,1403,viendra,will come
1399,1400,1404,imbécile,imbecile
1400,1401,1405,essaye,try
1401,1402,1406,champ,field
1402,1403,1407,personnel,personal
1403,1404,1408,client,customer
1404,1405,1409,lait,milk
1405,1406,1410,contrat,contract
1406,1407,1411,partis,gone
1407,1408,1412,sexe,sex
1408,1409,1413,mienne,mine
1409,1410,1414,repas,meal
1410,1411,1415,mémoire,memory
1411,1412,1416,destin,fate
1412,1413,1417,direction,direction
1413,1414,1418,dors,sleep
1414,1415,1419,faite,done 
1415,1416,1420,pleurer,cry
1416,1417,1421,couteau,knife
1417,1418,1422,malin,clever
1418,1419,1423,remettre,to put back
1419,1420,1424,ray,ray
1420,1421,1425,témoin,witness
1421,1422,1426,restes,remains
1422,1423,1427,mètres,meters
1423,1424,1428,trésor,treasure
1424,1425,1429,gosses,kids
1425,1426,1430,aiment,like
1426,1427,1431,washington,Washington
1427,1428,1432,habite,reside
1428,1429,1433,foi,faith
1429,1430,1434,puisque,because
1430,1431,1435,apporté,brought
1431,1432,1436,solution,solution
1432,1433,1437,trouvez,Find
1433,1434,1438,nouveaux,new
1434,1435,1439,réfléchir,think
1435,1436,1440,choisir,Choose
1436,1437,1441,goût,taste
1437,1438,1442,remercie,thanks
1438,1439,1443,détruire,destroy
1439,1440,1444,université,university
1440,1441,1445,doux,sweet
1441,1442,1446,beaux,beautiful
1442,1443,1447,raconter,tell
1443,1444,1448,vitesse,speed
1444,1445,1449,menti,lies
1445,1446,1450,três,very
1446,1447,1451,procès,court case
1447,1448,1452,enceinte,pregnant
1448,1449,1453,amuser,amuse
1449,1450,1454,niveau,level
1450,1451,1455,vus,sees
1451,1452,1456,miss,miss
1452,1453,1457,fermer,to close
1453,1454,1458,arranger,arrange
1454,1455,1459,end,ending
1455,1456,1460,clients,clients
1456,1457,1461,rappeler,remind
1457,1458,1462,Alex,Alex
1458,1459,1463,failli,falling
1459,1460,1464,arbre,tree
1460,1461,1465,papiers,papers
1461,1462,1466,Sarah,Sarah
1462,1463,1467,mérite,deserved
1463,1464,1468,différence,difference
1464,1465,1469,travaillé,work
1465,1466,1470,disons,let's say
1466,1467,1471,bleu,blue
1467,1468,1472,dise,say
1468,1469,1473,aimait,loved
1469,1470,1474,appelles,calls
1470,1471,1475,espace,space
1471,1472,1476,caméra,camera
1472,1473,1477,censé,supposed
1473,1474,1478,qu,that
1474,1475,1479,piste,track
1475,1476,1480,sourire,to smile
1476,1477,1481,courir,run
1477,1478,1482,accepter,accept
1479,1480,1484,charles,Charles
1480,1481,1485,jambe,leg
1481,1482,1486,angleterre,England
1482,1483,1487,quels,What
1483,1484,1488,préparer,prepare
1484,1485,1489,marre,fed up
1485,1486,1490,forces,strengths
1486,1487,1491,tirez,PULL
1487,1488,1492,énorme,huge
1488,1489,1493,Danny,Danny
1489,1490,1494,trés,very
1490,1491,1495,invité,guest
1491,1492,1496,rentré,go home
1492,1493,1497,officier,officer
1493,1494,1498,pièces,rooms
1494,1495,1499,lettres,letters
1495,1496,1500,file,line
1496,1497,1501,programme,program
1497,1498,1502,tommy,Tommy
1498,1499,1503,arrêt,stop
1499,1500,1504,fout,cum
1500,1501,1505,balles,bullets
1501,1502,1506,flingue,gun
1502,1503,1507,chasse,hunt
1503,1504,1508,regrette,regret
1504,1505,1509,to,to
1505,1506,1510,propres,clean
1506,1507,1511,victime,victim
1507,1508,1512,appartient,belongs
1508,1509,1513,france,France
1509,1510,1514,unique,unique
1510,1511,1515,régler,adjust
1511,1512,1516,moindre,lesser
1512,1513,1517,compter,count
1513,1514,1518,voitures,cars
1514,1515,1519,énergie,energy
1515,1516,1520,fil,thread
1516,1517,1521,lycée,high school
1517,1518,1522,crise,crisis
1518,1519,1523,stop,stop
1519,1520,1524,image,image
1520,1521,1525,vérifier,check
1521,1522,1526,dimanche,Sunday
1522,1523,1527,appareil,device
1523,1524,1528,justement,exactly
1524,1525,1529,richard,richard
1525,1526,1530,noms,nouns
1526,1527,1531,million,million
1527,1528,1532,cassé,broken
1528,1529,1533,enlever,to remove
1529,1530,1534,clés,keys
1530,1531,1535,noire,black
1531,1532,1536,man,man
1532,1533,1537,dépend,depends
1533,1534,1538,derniers,last
1534,1535,1539,doigts,fingers
1535,1536,1540,réponds,answer
1536,1537,1541,honnête,honest
1537,1538,1542,prouver,prove
1538,1539,1543,preuves,evidence
1539,1540,1544,durant,during
1540,1541,1545,souris,mouse
1541,1542,1546,entendez,hear
1542,1543,1547,lever,lift
1543,1544,1548,oiseau,bird
1544,1545,1549,belles,beautiful
1545,1546,1550,oû,Where
1546,1547,1551,apporte,brought
1547,1548,1552,grandes,large
1548,1549,1553,morceau,piece
1549,1550,1554,bobby,bobby
1550,1551,1555,bougez,move
1551,1552,1556,amène,bring
1552,1553,1557,interdit,not allowed
1553,1554,1558,présence,presence
1554,1555,1559,récupérer,to recover
1555,1556,1560,quelles,what
1556,1557,1561,manqué,lack
1557,1558,1562,cou,neck
1558,1559,1563,venait,came
1559,1560,1564,étage,stage
1560,1561,1565,regard,glance
1561,1562,1566,bouger,to move
1562,1563,1567,finalement,eventually
1563,1564,1568,couper,to cut
1564,1565,1569,urgence,emergency
1565,1566,1570,perds,losers
1566,1567,1571,points,points
1567,1568,1572,meurt,dies
1568,1569,1573,partons,Let's go
1569,1570,1574,troisième,third
1570,1571,1575,savons,soaps
1571,1572,1576,folie,madness
1572,1573,1577,ancien,ancient
1573,1574,1578,chante,sung
1574,1575,1579,obtenir,get
1575,1576,1580,répète,say again
1576,1577,1581,toit,roof
1577,1578,1582,humains,humans
1578,1579,1583,robert,Robert
1579,1580,1584,jardin,garden
1580,1581,1585,métier,job
1581,1582,1586,poche,poached
1582,1583,1587,méchant,mean
1583,1584,1588,paradis,heaven
1584,1585,1589,proche,close
1585,1586,1590,rejoindre,rejoin
1586,1587,1591,lors,during
1587,1588,1592,nombre,number
1588,1589,1593,crains,fearful
1589,1590,1594,règle,rule
1590,1591,1595,frapper,hit
1591,1592,1596,intention,intention
1592,1593,1597,succès,hit
1593,1594,1598,forte,strong
1594,1595,1599,gentille,gentle
1595,1596,1600,campagne,campaign
1596,1597,1601,raisons,reasons
1597,1598,1602,malgré,despite
1598,1599,1603,alcool,alcohol
1599,1600,1604,regardé,look at
1600,1601,1605,jerry,jerry
1601,1602,1606,billets,tickets
1602,1603,1607,fantastique,fantastic
1603,1604,1608,lee,lee
1604,1605,1609,théâtre,theater
1605,1606,1610,vôtre,your
1606,1607,1611,samedi,Saturday
1607,1608,1612,pluie,rain
1608,1609,1613,fermé,farm
1609,1610,1614,relation,relationship
1610,1611,1615,frappé,hit
1611,1612,1616,restaurant,restaurant
1612,1613,1617,douce,gentle
1614,1615,1619,parlait,was talking
1615,1616,1620,raté,missed
1616,1617,1621,casse,broken
1617,1618,1622,dessous,under
1618,1619,1623,pourrai,could
1619,1620,1624,victoire,victoire
1620,1621,1625,voudrait,would like
1621,1622,1626,remarqué,noticed
1622,1623,1627,assurer,to assure
1623,1624,1628,pleure,cry
1624,1625,1629,bouteille,bottle
1625,1626,1630,gare,station
1626,1627,1631,carrière,career
1627,1628,1632,sentiments,feelings
1628,1629,1633,suivi,follow up
1629,1630,1634,vies,lives
1630,1631,1635,fiston,son
1631,1632,1636,vendu,sold
1632,1633,1637,attendant,waiting
1633,1634,1638,pourras,can
1634,1635,1639,amoureuse,in love
1635,1636,1640,mens,mens
1636,1637,1641,falloir,to need
1638,1639,1643,étranger,foreigner
1639,1640,1644,appelait,called
1640,1641,1645,assure,insure
1641,1642,1646,étant,being
1642,1643,1647,queue,tail
1643,1644,1648,odeur,smell
1644,1645,1649,enlève,remove
1645,1646,1650,produit,product
1646,1647,1651,meurs,die
1647,1648,1652,secrets,secrets
1648,1649,1653,pression,pressure
1649,1650,1654,fatigué,tired
1650,1651,1655,aies,aies
1651,1652,1656,plage,beach
1652,1653,1657,okay,Okay
1653,1654,1658,animal,animal
1654,1655,1659,frappe,hit
1655,1656,1660,montagne,mountain
1656,1657,1661,coffre,chest
1657,1658,1662,passage,passage
1658,1659,1663,suivant,following
1659,1660,1664,signal,signal
1660,1661,1665,discours,speech
1661,1662,1666,cents,cents
1662,1663,1667,claire,clear
1663,1664,1668,g,g
1664,1665,1669,rivière,river
1665,1666,1670,costume,suit
1666,1667,1671,prendra,will take
1667,1668,1672,souhaite,wish
1668,1669,1673,hasard,chance
1669,1670,1674,journaux,newspapers
1670,1671,1675,aveugle,blind
1671,1672,1676,lis,read
1672,1673,1677,demandez,Ask
1673,1674,1678,retraite,retirement
1674,1675,1679,afin,to
1675,1676,1680,vendredi,Friday
1676,1677,1681,van,van
1677,1678,1682,auraient,would have
1678,1679,1683,obligé,obligatory
1679,1680,1684,major,major
1680,1681,1685,neige,snow
1681,1682,1686,remercier,thank
1682,1683,1687,fusil,gun
1683,1684,1688,gardes,guards
1684,1685,1689,faible,low
1685,1686,1690,pauvres,poor
1686,1687,1691,noirs,black
1687,1688,1692,gâteau,cake
1688,1689,1693,cesse,stop
1689,1690,1694,parfaitement,perfectly
1690,1691,1695,excuses,apologies
1691,1692,1696,viande,meat
1692,1693,1697,ministre,minister
1693,1694,1698,univers,universe
1694,1695,1699,vienne,Vienna
1695,1696,1700,utile,useful
1696,1697,1701,demandais,asked
1697,1698,1702,crétin,dumbass
1698,1699,1703,gaffe,blunder
1699,1700,1704,cache,hidden
1700,1701,1705,disant,saying
1701,1702,1706,décider,decide
1702,1703,1707,dort,sleep
1703,1704,1708,gaz,gas
1704,1705,1709,blancs,whites
1705,1706,1710,connaissance,knowledge
1706,1707,1711,vouliez,wanted
1707,1708,1712,jake,jake
1708,1709,1713,vidéo,video
1709,1710,1714,bataille,battle
1710,1711,1715,vive,long -lived
1711,1712,1716,anna,Anna
1712,1713,1717,martin,Martin
1714,1715,1719,os,bone
1715,1716,1720,entend,hears
1716,1717,1721,jeux,games
1717,1718,1722,will,will
1718,1719,1723,verras,will see
1719,1720,1724,date,date
1720,1721,1725,échapper,escape
1721,1722,1726,naissance,birth
1722,1723,1727,droits,rights
1723,1724,1728,assassin,assassin
1724,1725,1729,attendu,expected
1725,1726,1730,montez,go up
1726,1727,1731,nouvel,new
1727,1728,1732,pensent,think
1728,1729,1733,génie,genius
1729,1730,1734,sérieusement,seriously
1730,1731,1735,cible,target
1731,1732,1736,prépare,prepared
1732,1733,1737,agir,to act
1733,1734,1738,militaire,military
1734,1735,1739,futur,future
1735,1736,1740,attraper,to grab
1736,1737,1741,bal,ball
1737,1738,1742,europe,Europe
1738,1739,1743,californie,California
1739,1740,1744,donnez,give
1740,1741,1745,cousin,cousin
1741,1742,1746,vert,green
1742,1743,1747,poids,weight
1743,1744,1748,volonté,will
1744,1745,1749,ventre,stomach
1745,1746,1750,accepte,accepted
1746,1747,1751,amené,bring
1747,1748,1752,recevoir,receive
1748,1749,1753,inquiétez,worry
1749,1750,1754,perd,lose
1750,1751,1755,autrement,otherwise
1751,1752,1756,informations,information
1752,1753,1757,titre,title
1753,1754,1758,célèbre,famous
1754,1755,1759,couple,couple
1755,1756,1760,sexy,sexy
1756,1757,1761,serons,will be
1757,1758,1762,certaine,certain
1758,1759,1763,parlons,let's talk
1759,1760,1764,star,star
1760,1761,1765,étoiles,stars
1761,1762,1766,rome,Rome
1762,1763,1767,los,the bone
1763,1764,1768,répondu,answered
1764,1765,1769,resté,rest
1765,1766,1770,charmant,charming
1766,1767,1771,puissant,powerful
1767,1768,1772,zéro,zero
1768,1769,1773,genoux,knees
1769,1770,1774,mine,mine
1770,1771,1775,couilles,balls
1771,1772,1776,pilote,pilot
1772,1773,1777,maria,Maria
1773,1774,1778,style,style
1774,1775,1779,ramène,brings back
1775,1776,1780,voulons,want to
1776,1777,1781,embrasser,to kiss
1777,1778,1782,amener,to bring
1778,1779,1783,valeur,value
1779,1780,1784,fortune,fortune
1780,1781,1785,reprendre,to resume
1781,1782,1786,revenez,come back
1782,1783,1787,vieil,old
1783,1784,1788,walter,Walter
1784,1785,1789,servi,served
1785,1786,1790,arrivés,arrived
1786,1787,1791,lève,survey
1787,1788,1792,voleur,thief
1788,1789,1793,côtés,sides
1789,1790,1794,chris,Chris
1790,1791,1795,note,note
1791,1792,1796,préféré,prefer
1792,1793,1797,couché,layer
1793,1794,1798,milliers,thousands
1794,1795,1799,aéroport,airport
1795,1796,1800,prévenir,prevent
1796,1797,1801,château,chateau
1797,1798,1802,apparemment,apparently
1798,1799,1803,gardez,Keep
1799,1800,1804,privé,private
1800,1801,1805,détails,details
1801,1802,1806,larry,Larry
1802,1803,1807,direct,direct
1803,1804,1808,reposer,to rest
1804,1805,1809,commande,ordered
1805,1806,1810,cherchez,look
1806,1807,1811,fer,iron
1807,1808,1812,conduit,conduit
1808,1809,1813,conscience,awareness
1809,1810,1814,oreilles,ears
1810,1811,1815,conversation,conversation
1812,1813,1817,joues,play
1813,1814,1818,ennemis,enemies
1814,1815,1819,attendent,wait
1815,1816,1820,article,article
1816,1817,1821,dieux,gods
1817,1818,1822,talent,talent
1818,1819,1823,aise,easy
1819,1820,1824,poulet,chicken
1820,1821,1825,passée,past
1821,1822,1826,comprend,understand
1822,1823,1827,gorge,throat
1823,1824,1828,feras,do
1824,1825,1829,tribunal,court
1825,1826,1830,découvrir,discover
1826,1827,1831,agréable,pleasant
1827,1828,1832,jette,throw
1828,1829,1833,test,test
1829,1830,1834,emmerde,foul
1830,1831,1835,détruit,destroy
1831,1832,1836,nerveux,nervous
1832,1833,1837,saint,Holy
1833,1834,1838,marrant,funny
1834,1835,1839,joindre,join
1835,1836,1840,sentiment,feeling
1836,1837,1841,lance,spear
1837,1838,1842,humaine,human
1838,1839,1843,acte,deed
1839,1840,1844,jane,jane
1840,1841,1845,pis,worse
1841,1842,1846,enculé,fucked
1842,1843,1847,tuée,killed
1843,1844,1848,saura,will know
1844,1845,1849,doigt,finger
1845,1846,1850,pourrez,can
1846,1847,1851,passera,will pass
1847,1848,1852,horreur,horror
1848,1849,1853,comptes,accounts
1849,1850,1854,dernières,latest
1850,1851,1855,violence,violence
1851,1852,1856,fumer,to smoke
1852,1853,1857,invités,guests
1853,1854,1858,parlais,gauge
1854,1855,1859,job,job
1855,1856,1860,salon,lounge
1856,1857,1861,défendre,defend
1857,1858,1862,mariés,married
1858,1859,1863,rock,rock
1859,1860,1864,apporter,to bring
1860,1861,1865,coupé,cut
1861,1862,1866,repos,rest
1862,1863,1867,paquet,pack
1863,1864,1868,page,page
1864,1865,1869,utilise,used
1865,1866,1870,victimes,victims
1866,1867,1871,sage,wise
1867,1868,1872,aidé,aid
1868,1869,1873,intelligent,clever
1869,1870,1874,ombre,shadow
1870,1871,1875,vache,cow
1871,1872,1876,désert,desert
1872,1873,1877,forêt,forest
1873,1874,1878,parfaite,perfect
1874,1875,1879,tombée,fall
1875,1876,1880,extérieur,outside
1876,1877,1882,série,series
1877,1878,1883,concerne,concerned
1878,1879,1884,paroles,lyrics
1879,1880,1885,dira,will say
1880,1881,1886,it,it
1881,1882,1887,champion,champion
1882,1883,1888,fbi,FBI
1883,1884,1889,lundi,Monday
1884,1885,1890,moteur,motor
1885,1886,1891,ouverte,opened
1886,1887,1892,mince,thin
1887,1888,1893,al,Al
1888,1889,1894,russe,Russian
1889,1890,1895,grandi,grown up
1890,1891,1896,rappelles,recall
1891,1892,1897,dormi,sleep
1892,1893,1898,ordinateur,computer
1893,1894,1899,in,in
1894,1895,1900,angeles,Angeles
1895,1896,1901,accepté,accepted
1896,1897,1902,désormais,from now on
1897,1898,1903,acteur,actor
1898,1899,1904,membres,members
1899,1900,1905,trouvée,found
1900,1901,1906,pete,pete
1901,1902,1907,surpris,surprised
1902,1903,1908,miracle,miracle
1903,1904,1909,vole,Fly
1904,1905,1910,manquer,miss
1905,1906,1911,franchement,frankly
1906,1907,1912,apprécie,appreciate
1907,1908,1913,cigarette,cigarette
1908,1909,1914,chemise,shirt
1909,1910,1915,mark,mark
1910,1911,1916,tente,attempted
1911,1912,1917,faisant,doing
1912,1913,1918,billet,ticket
1913,1914,1919,reculez,retreat
1914,1915,1920,moyens,means
1915,1916,1921,importante,important
1916,1917,1922,unité,unity
1917,1918,1923,champagne,Champagne
1918,1919,1924,pensait,thought
1919,1920,1925,www,www
1920,1921,1926,partager,to share
1921,1922,1927,smith,smith
1922,1923,1928,minuit,midnight
1923,1924,1929,américaine,American
1924,1925,1930,courses,races
1925,1926,1931,puissance,Powerful
1926,1927,1932,william,William
1927,1928,1933,nombreux,many
1928,1929,1934,réparer,to fix
1929,1930,1935,caché,hidden
1930,1931,1936,haute,high
1931,1932,1937,sommeil,sleep
1932,1933,1938,essence,essence
1933,1934,1939,riches,rich
1934,1935,1940,lac,lake
1935,1936,1941,maire,mayor
1936,1937,1942,mode,fashion
1937,1938,1943,vingt,twenty
1938,1939,1944,reviendra,will come back
1939,1940,1945,pousse,growth
1940,1941,1946,amusant,fun
1941,1942,1947,passez,pass
1942,1943,1948,services,services
1943,1944,1949,doc,doc
1944,1945,1950,rues,streets
1945,1946,1951,of,of
1946,1947,1952,risques,risks
1947,1948,1953,émission,emission
1948,1949,1954,leçon,lesson
1949,1950,1955,annonce,announcement
1950,1951,1956,plans,plans
1951,1952,1957,usine,plant
1952,1953,1958,louis,Louis
1953,1954,1959,imaginer,imagine
1954,1955,1960,chauffeur,driver
1955,1956,1962,parc,Park
1956,1957,1963,épée,sword
1957,1958,1964,fesses,buttocks
1958,1959,1965,échange,exchange
1959,1960,1966,souvenirs,memories
1960,1961,1967,créer,to create
1961,1962,1968,senti,felt
1962,1963,1969,signer,sign
1964,1965,1971,jeté,thrown
1965,1966,1972,réveiller,wake
1966,1967,1973,hiver,winter
1967,1968,1974,également,also
1968,1969,1975,hum,hum
1969,1970,1976,souffle,breath
1970,1971,1977,vrais,real
1971,1972,1978,arbres,trees
1972,1973,1979,saute,jumped up
1974,1975,1981,meme,same
1975,1976,1982,battu,beaten
1976,1977,1983,permission,permission
1977,1978,1984,casser,to break
1978,1979,1985,chicago,Chicago
1979,1980,1986,allemands,Germans
1980,1981,1987,utilisé,used
1981,1982,1988,mentir,lie
1982,1983,1989,souci,worry
1983,1984,1990,é,e
1984,1985,1991,coûte,cost
1985,1986,1992,paye,paid
1986,1987,1993,tres,very
1987,1988,1994,offert,Free
1988,1989,1995,sir,sir
1989,1990,1996,no,no
1990,1991,1997,chair,flesh
1991,1992,1998,caisse,box
1992,1993,1999,supplie,supplore
1993,1994,2000,dégagez,release
1994,1995,2001,raconté,told
1995,1996,2002,andy,Andy
1996,1997,2003,lunettes,eyeglasses
1997,1998,2004,chouette,owl
1998,1999,2005,menteur,liar
1999,2000,2006,trouvera,will find
2000,2001,2007,semblant,semblance
2001,2002,2008,ignorais,ignorant
2002,2003,2009,perdue,lost
2003,2004,2010,whisky,whiskey
2004,2005,2011,rentrez,come back
2005,2006,2012,premiers,first
2006,2007,2013,pantalon,pants
2007,2008,2014,menace,threat
2008,2009,2015,racontes,tells
2009,2010,2016,douche,shower
2010,2011,2017,oiseaux,birds
2011,2012,2018,finie,finish
2012,2013,2019,auront,will have
2013,2014,2020,débarrasser,rid
2014,2015,2021,membre,member
2015,2016,2022,perte,loss
2016,2017,2023,verrez,will see
2017,2018,2024,front,forehead
2018,2019,2025,lèvres,lips
2019,2020,2026,mai,may
2020,2021,2027,fac,college
2021,2022,2028,allo,hi
2022,2023,2029,connaissais,knew
2023,2024,2030,gouverneur,governor
2024,2025,2031,monnaie,cash
2025,2026,2032,chou,cabbage
2026,2027,2033,achète,purchased
2027,2028,2034,thomas,Thomas
2028,2029,2035,secrétaire,secretary
2029,2030,2036,montré,show
2030,2031,2037,jones,jones
2031,2032,2038,écris,wrote
2032,2033,2039,parlent,talk
2033,2034,2040,chaise,chair
2034,2035,2041,herbe,grass
2035,2036,2042,créé,created
2036,2037,2043,manteau,coat
2037,2038,2044,chocolat,chocolate
2038,2039,2045,pause,pause
2039,2040,2046,côte,coast
2040,2041,2047,abandonner,give up
2041,2042,2048,policier,policeman
2042,2043,2049,patient,patient
2043,2044,2050,dave,dave
2044,2045,2051,études,studies
2045,2046,2052,ballon,ball 
2046,2047,2053,mène,led
2047,2048,2054,respire,breath
2048,2049,2055,mouvement,movement
2049,2050,2056,suicide,suicide
2050,2051,2057,japonais,Japanese
2051,2052,2058,accès,access
2052,2053,2059,tienne,yours
2053,2054,2060,laisserai,will leave
2054,2055,2061,poupée,doll
2055,2056,2062,innocent,innocent
2056,2057,2063,allés,alleys
2057,2058,2064,identité,identify
2058,2059,2065,véritable,true
2059,2060,2066,simon,Simon
2060,2061,2067,devenue,become
2061,2062,2068,totalement,totally
2062,2063,2069,piège,trap
2063,2064,2070,gloire,glory
2064,2065,2071,pourraient,could
2065,2066,2072,abri,shelter
2066,2067,2073,explique,Explain
2067,2068,2074,rapidement,rapidly
2068,2069,2075,fonctionne,works
2069,2070,2076,boy,boy
2070,2071,2077,foule,crowd
2071,2072,2078,pensées,thoughts
2072,2073,2079,maisons,houses
2073,2074,2080,fantôme,ghost
2074,2075,2081,source,source
2075,2076,2082,lancer,throw
2076,2077,2083,suit,follows
2077,2078,2084,changement,change
2078,2079,2085,choc,shock
2079,2080,2086,veste,jacket
2080,2081,2087,attaquer,tackle
2081,2082,2088,faveur,favor
2082,2083,2089,oreille,ear
2083,2084,2090,touchez,touch
2084,2085,2091,malheureusement,unfortunately
2085,2086,2092,soudain,suddenly
2086,2087,2093,tués,you are
2087,2088,2094,bref,Short
2088,2089,2095,malheur,misfortune
2089,2090,2096,portable,portable
2090,2091,2097,chaleur,heat
2091,2092,2098,mensonge,lie
2092,2093,2099,répondez,answer
2093,2094,2100,heureusement,fortunately
2094,2095,2101,emploi,use
2095,2096,2102,lois,laws
2096,2097,2103,nettoyer,to clean
2097,2098,2104,attrape,caught
2098,2099,2105,geste,gesture
2099,2100,2106,verrai,will see
2100,2101,2107,notes,notes
2101,2102,2108,plat,flat
2102,2103,2109,etait,was
2103,2104,2110,corde,rope
2104,2105,2111,sacrée,sacred
2105,2106,2112,cherches,looking for
2106,2107,2113,siècle,century
2107,2108,2114,etat,state
2108,2109,2115,distance,distance
2109,2110,2116,refusé,refuse
2110,2111,2117,mars,March
2111,2112,2118,saison,season
2112,2113,2119,bel,beautiful
2113,2114,2120,monté,mounted
2114,2115,2121,idiote,idiot
2115,2116,2122,recherches,research
2116,2117,2123,alerte,alert
2117,2118,2124,ennuie,bored
2118,2119,2125,christ,Christ
2119,2120,2126,remonte,traced back
2120,2121,2127,plaisante,pleasant
2121,2122,2128,city,City
2122,2123,2129,bat,bat
2123,2124,2130,images,images
2124,2125,2131,voulaient,wanted
2125,2126,2132,titres,securities
2126,2127,2133,alice,Alice
2127,2128,2134,couverture,blanket
2128,2129,2135,moments,moments
2129,2130,2136,big,big
2130,2131,2137,mesure,measure
2131,2132,2138,atteindre,reach
2132,2133,2139,singe,monkey
2133,2134,2140,pistolet,gun
2134,2135,2141,frontière,frontier
2135,2136,2142,réel,real
2136,2137,2143,réfléchi,thoughtful
2137,2138,2144,somme,sum
2138,2139,2145,agents,agents
2139,2140,2146,ours,bear
2140,2141,2147,prisonniers,prisoners
2141,2142,2148,évidemment,obviously
2142,2143,2149,afrique,Africa
2143,2144,2150,allemand,German
2144,2145,2151,dan,dan
2145,2146,2152,couche,lying down
2146,2147,2153,relations,relations
2147,2148,2154,texas,Texas
2148,2149,2155,delà,of the
2149,2150,2156,celles,those
2150,2151,2157,navire,ship
2151,2152,2158,deviens,become
2152,2153,2159,bite,cock
2153,2154,2160,laisses,leave
2154,2155,2161,dirige,directed
2155,2156,2162,partenaire,partner
2156,2157,2163,aube,dawn
2157,2158,2164,demi,half
2158,2159,2165,affreux,awful
2159,2160,2166,camarade,comrade
2160,2161,2167,street,street
2161,2162,2168,inquiéter,worry
2162,2163,2169,tableau,table
2163,2164,2170,fatiguée,tired
2164,2165,2171,entreprise,company
2165,2166,2172,demandes,requests
2166,2167,2173,nana,girl
2167,2168,2174,re,D
2168,2169,2175,coincé,stuck up
2169,2170,2176,tenu,tenuous
2170,2171,2177,viré,fired
2171,2172,2178,suspect,suspicious
2172,2173,2179,reconnais,recognize
2173,2174,2180,ressens,feeling
2174,2175,2181,juif,Jewish
2175,2176,2182,directement,directly
2176,2177,2183,mexique,Mexico
2177,2178,2184,cherché,look for
2178,2179,2185,marine,Marine
2179,2180,2186,prisonnier,prisoner
2180,2181,2187,finit,finished
2181,2182,2188,howard,Howard
2182,2183,2189,étoile,star
2183,2184,2190,jean,Jeans
2184,2185,2191,convaincre,to convince
2185,2186,2192,filer,spin
2186,2187,2193,kevin,kevin
2187,2188,2194,bosse,bump
2188,2189,2195,pousser,push
2189,2190,2196,protection,protection
2190,2191,2197,signé,sign
2191,2192,2198,crier,to cry out
2192,2193,2199,rêvé,dream
2193,2194,2200,respirer,breathe
2194,2195,2201,propriétaire,owner
2195,2196,2202,prêtre,priest
2196,2197,2203,donnes,gate
2197,2198,2204,taire,to hush up
2198,2199,2205,permettre,to permit
2199,2200,2206,prudent,prudent
2200,2201,2207,carl,carl
2201,2202,2208,commis,clerk
2202,2203,2209,chaîne,chain
2203,2204,2210,copains,friends
2204,2205,2211,sec,dry
2205,2206,2212,cauchemar,nightmare
2206,2207,2213,laver,wash
2207,2208,2215,jeff,Jeff
2208,2209,2216,réfléchis,reflected
2209,2210,2217,trompe,deceived
2210,2211,2218,hais,haz
2211,2212,2219,immeuble,building
2212,2213,2220,supporter,support
2213,2214,2221,soi,self
2214,2215,2222,bagages,luggage
2215,2216,2223,tir,shot
2216,2217,2224,traverser,to cross
2217,2218,2225,commissaire,commissioner
2218,2219,2226,mac,mac
2219,2220,2227,donnerai,will give
2220,2221,2228,reviendrai,will come back
2221,2222,2229,larmes,tears
2222,2223,2230,déranger,to bother
2223,2224,2231,Arthur,Arthur
2224,2225,2232,pigé,pig
2226,2227,2234,adam,Adam
2227,2228,2235,volant,flying
2228,2229,2236,uniforme,uniform
2229,2230,2237,st,st
2230,2231,2238,croient,believe
2231,2232,2239,différents,different
2232,2233,2240,souffrir,suffer
2233,2234,2241,maudit,damn
2234,2235,2242,valise,suitcase
2235,2236,2243,prendrai,will take
2236,2237,2244,assurance,assurance
2237,2238,2245,abandonné,abandoned
2238,2239,2246,dames,ladies
2239,2240,2247,lendemain,the following day
2240,2241,2248,navré,heartbroken
2241,2242,2249,prennent,takes
2242,2243,2250,sénateur,senator
2243,2244,2251,roule,rolled
2244,2245,2252,montagnes,mountains
2245,2246,2253,lapin,rabbit
2246,2247,2254,juifs,Jews
2247,2248,2255,amuse,amused
2248,2249,2256,espérais,hoped
2249,2250,2257,fleur,flower
2250,2251,2258,merveilleuse,marvelous
2251,2252,2259,tournée,tour
2252,2253,2260,scott,scott
2253,2254,2261,information,information
2254,2255,2262,foyer,foyer
2255,2256,2263,tourné,turned
2256,2257,2264,personnage,character
2257,2258,2265,permettez,Allow
2258,2259,2266,amitié,friendship
2259,2260,2267,hâte,haste
2260,2261,2268,opinion,opinion
2261,2262,2269,curieux,curious
2262,2263,2270,concert,concert
2263,2264,2271,enfance,childhood
2264,2265,2272,extraordinaire,extraordinary
2265,2266,2273,davantage,any further
2266,2267,2274,saviez,knew
2267,2268,2275,chargé,charged
2268,2269,2276,porc,pork
2269,2270,2277,recommence,start again
2270,2271,2278,chèque,check
2271,2272,2279,piano,piano
2272,2273,2280,jouez,play
2273,2274,2281,océan,ocean
2274,2275,2282,ayant,having
2275,2276,2283,go,Go
2276,2277,2284,pattes,paws
2277,2278,2285,ravie,tight
2278,2279,2286,trace,trace
2279,2280,2287,réveillé,wake up
2280,2281,2288,miles,miles
2281,2282,2289,soupe,soup
2282,2283,2290,sucre,sugar
2283,2284,2291,écoutes,listen
2284,2285,2292,vierge,virgin
2285,2286,2293,mauvaises,bad
2286,2287,2294,objet,object
2287,2288,2295,adorable,adorable
2288,2289,2296,chine,China
2289,2290,2297,sonne,sound
2290,2291,2298,envoyez,send
2291,2292,2299,réputation,reputation
2292,2293,2300,kate,kate
2293,2294,2301,sport,sport
2294,2295,2302,brave,brave
2295,2296,2303,lieux,premises
2296,2297,2304,brûle,burn
2297,2298,2305,russes,Russian
2298,2299,2306,murs,walls
2299,2300,2307,second,second
2300,2301,2308,etes,are
2301,2302,2309,facilement,easily
2302,2303,2310,troupes,troops
2303,2304,2311,titrage,titration
2304,2305,2312,canon,cannon
2305,2306,2313,bague,Ring
2306,2307,2314,bâtiment,building
2307,2308,2315,seraient,would be
2308,2309,2316,cellule,cell
2309,2310,2317,Susan,Susan
2310,2311,2318,survivre,survive
2311,2312,2319,trouverai,will find
2312,2313,2320,printemps,spring
2313,2314,2321,voisins,neighbors
2314,2315,2322,nuits,nights
2315,2316,2323,chances,odds
2316,2317,2324,contrôler,control
2317,2318,2325,compliqué,complicated
2318,2319,2326,voyais,saw
2319,2320,2327,retirer,withdraw
2320,2321,2328,ancienne,Ancient
2321,2322,2329,théorie,theory
2322,2323,2330,avancez,Advance
2323,2324,2331,studio,studio
2324,2325,2332,exploser,explode
2325,2326,2333,explosion,blast
2326,2327,2334,fiancée,fiancee
2327,2328,2335,évident,obvious
2328,2329,2336,gardé,kept
2329,2330,2337,accusé,accused
2330,2331,2338,Annie,Annie
2331,2332,2339,témoins,witnesses
2332,2333,2340,désir,desire
2333,2334,2341,humanité,humanity
2334,2335,2342,amen,Amen
2335,2336,2343,magie,magic
2336,2337,2344,restera,will stay
2337,2338,2345,palais,palace
2338,2339,2346,cirque,circus
2339,2340,2347,cinglé,crazy
2340,2341,2348,conduis,driven
2341,2342,2349,sales,dirty
2342,2343,2351,station,station
2343,2344,2352,construire,build
2344,2345,2353,joey,Joey
2345,2346,2354,siège,headquarters
2346,2347,2355,Kelly,Kelly
2347,2348,2356,semblait,seemed
2348,2349,2357,vivants,living
2349,2350,2358,voient,see
2350,2351,2359,représente,represented
2351,2352,2360,sombre,dark
2352,2353,2361,lourd,heavy
2353,2354,2362,lá,the
2354,2355,2363,familles,families
2355,2356,2364,égal,equal
2356,2357,2365,surveille,monitoring
2357,2358,2366,terme,term
2358,2359,2367,gêne,embarrassed
2359,2360,2368,poule,chicken
2360,2361,2369,pére,dad
2361,2362,2370,devraient,should
2362,2363,2371,soif,thirst
2363,2364,2372,haine,hate
2364,2365,2373,Rachel,Rachel
2365,2366,2374,Jason,Jason
2366,2367,2375,surveiller,to watch
2367,2368,2376,ted,ted
2368,2369,2377,marin,marine
2369,2370,2378,procureur,prosecutor
2370,2371,2379,traité,treaty
2371,2372,2380,vivent,live
2372,2373,2381,chansons,songs
2374,2375,2383,entière,whole
2375,2376,2384,résultat,result
2376,2377,2385,préparé,prepare
2377,2378,2386,top,top
2378,2379,2387,enchantée,Nice to meet you
2379,2380,2388,gardien,guardian
2381,2382,2390,avancer,move up
2382,2383,2391,commun,commmon
2383,2384,2392,pêche,sin
2384,2385,2393,tien,yours
2385,2386,2394,posé,laid
2386,2387,2395,libérer,to free
2387,2388,2396,gamins,kids
2388,2389,2397,taule,jail
2389,2390,2398,retournez,return
2390,2391,2399,médicaments,medications
2391,2392,2400,matériel,material
2392,2393,2401,crâne,skull
2393,2394,2402,région,region
2394,2395,2403,débile,stupid
2395,2396,2404,science,science
2396,2397,2405,délicieux,delicious
2397,2398,2406,privée,private
2398,2399,2407,créature,creature
2399,2400,2408,ho,ho
2400,2401,2409,ed,ED
2401,2402,2410,king,King
2402,2403,2411,liquide,liquid
2403,2404,2412,réglé,rule
2404,2405,2413,gay,gay
2405,2406,2414,apprend,learn
2406,2407,2415,quant,as to
2407,2408,2416,péché,Fishing
2408,2409,2417,répéter,repeat
2409,2410,2418,auprès,with
2410,2411,2419,tâche,task
2411,2412,2420,devine,guess
2412,2413,2421,mener,carry out
2413,2414,2422,vente,sale
2414,2415,2423,plu,enjoyed
2415,2416,2424,joueur,player
2416,2417,2425,modèle,model
2417,2418,2426,aurons,will have
2418,2419,2427,up,up
2420,2421,2429,fermez,close
2421,2422,2430,traiter,treat
2422,2423,2431,secteur,sector
2423,2424,2432,soyons,let's be
2424,2425,2433,barre,rod
2425,2426,2434,appelée,called
2426,2427,2435,projets,projects
2427,2428,2436,roman,novel
2428,2429,2437,veille,day before
2429,2430,2438,étudier,to study
2430,2431,2439,tenue,outfit
2431,2432,2440,physique,physical
2432,2433,2441,passait,passed
2433,2434,2442,concours,competition
2434,2435,2443,jaune,yellow
2435,2436,2444,inconnu,unknown
2436,2437,2445,victor,Victor
2437,2438,2446,vision,vision
2438,2439,2447,black,black
2439,2440,2448,lentement,slowly
2440,2441,2449,surface,surface
2441,2442,2450,dick,dick
2442,2443,2451,com,com
2443,2444,2452,matt,matt
2444,2445,2453,kilomètres,kilometers
2445,2446,2454,baise,fuck
2446,2447,2455,x,X
2447,2448,2456,sers,serve
2448,2449,2457,abandonne,abandoned
2449,2450,2458,vivante,lively
2450,2451,2459,spéciale,special
2451,2452,2460,prof,teacher
2452,2453,2461,poissons,Pisces
2453,2454,2462,bosser,work
2454,2455,2463,cherchais,sought
2455,2456,2464,my,my
2456,2457,2465,empire,empire
2457,2458,2466,cigarettes,cigarettes
2458,2459,2467,amies,friends
2459,2460,2468,aventure,adventure
2460,2461,2469,responsabilité,responsibility
2461,2462,2470,sauve,Safe
2462,2463,2471,devrions,should
2463,2464,2472,lucy,Lucy
2464,2465,2473,atteint,hit
2465,2466,2474,infirmière,nurse
2466,2467,2475,humeur,mood
2467,2468,2476,descendez,Go down
2468,2469,2477,résultats,results
2469,2470,2478,tenté,tent
2470,2471,2479,baisse,decrease
2471,2472,2480,mn,mn
2472,2473,2481,rare,rare
2473,2474,2482,empreintes,fingerprints
2474,2475,2483,proches,relatives
2475,2476,2484,sauvage,wild
2476,2477,2485,virer,fire
2477,2478,2486,fumée,smoke
2478,2479,2487,lisa,Lisa
2479,2480,2488,engagé,engaged
2480,2481,2489,romantique,romantic
2481,2482,2490,cloche,Bell
2482,2483,2491,brian,brian
2483,2484,2492,magique,Magic
2484,2485,2493,chers,Dear
2485,2486,2494,comité,committee
2486,2487,2495,choisis,choose
2487,2488,2496,voila,here is
2488,2489,2497,jaloux,jealous
2489,2490,2498,divorce,divorce
2490,2491,2499,lord,lord
2491,2492,2500,données,data
2492,2493,2501,détective,detective
2493,2494,2502,rouges,red
2494,2495,2503,fred,fred
2495,2496,2504,ambulance,ambulance
2496,2497,2505,rentrée,back to school
2497,2498,2506,port,Harbor
2498,2499,2507,anne,Anne
2499,2500,2508,roy,roy
2500,2501,2509,cochon,pig
2501,2502,2510,enfuir,escape
2502,2503,2511,devra,will have to
2503,2504,2512,francisco,Francisco
2504,2505,2513,ménage,household
2505,2506,2514,roger,Roger
2506,2507,2515,particulier,particular
2507,2508,2516,journaliste,journalist
2508,2509,2517,croix,cross
2509,2510,2518,pareille,likely
2510,2511,2519,royaume,kingdom
2511,2512,2520,disparaître,to disappear
2512,2513,2521,jus,juice
2513,2514,2522,comte,county
2514,2515,2523,sainte,holy
2515,2516,2524,soucis,worry
2516,2517,2525,allemagne,Germany
2517,2518,2526,patience,patience
2518,2519,2527,fallu,owl
2519,2520,2528,net,net
2520,2521,2529,suivez,follow
2521,2522,2530,panique,panic
2522,2523,2531,q,q
2523,2524,2532,morceaux,parts
2524,2525,2533,construit,built
2525,2526,2534,crédit,credit
2526,2527,2535,rater,to fail
2527,2528,2536,normale,normal
2528,2529,2537,attendait,was waiting
2529,2530,2538,bye,bye
2530,2531,2539,fromage,cheese
2531,2532,2540,embrasse,kiss
2532,2533,2541,complet,complete
2533,2534,2542,bouffe,food
2534,2535,2543,boutique,shop
2535,2536,2544,seriez,would be
2536,2537,2545,recommencer,restart
2537,2538,2546,scénario,script
2538,2539,2547,jeudi,Thursday
2539,2540,2548,endroits,locations
2540,2541,2549,brûler,burn
2541,2542,2550,nommé,appointed
2542,2543,2551,mardi,tuesday
2543,2544,2552,hall,lobby
2544,2545,2553,réalisé,realized
2545,2546,2554,terry,Terry
2546,2547,2555,passion,passion
2547,2548,2556,enlevé,removed
2548,2549,2557,profond,deep
2549,2550,2558,télévision,television
2550,2551,2559,abruti,fool
2551,2552,2560,réussir,to succeed
2552,2553,2561,répond,respond
2553,2554,2562,red,red
2554,2555,2563,emmené,taken
2555,2556,2564,cadeaux,gifts
2556,2557,2565,remonter,go back up
2557,2558,2566,accompagner,accompany
2558,2559,2567,johnson,johnson
2559,2560,2568,différente,different
2560,2561,2569,tromper,to trick
2561,2562,2570,pot,jar
2562,2563,2571,lien,link
2563,2564,2572,serpent,snake
2564,2565,2573,imaginez,Imagine
2565,2566,2574,excusez,Excuse
2566,2567,2575,trompé,deceived
2567,2568,2576,cadavre,corpse
2568,2569,2577,bouton,button
2569,2570,2578,cancer,cancer
2570,2571,2579,descend,descend
2571,2572,2580,centaines,hundreds
2572,2573,2581,poussière,dust
2573,2574,2582,piscine,pool
2574,2575,2583,entraînement,coaching
2575,2576,2584,terminée,finished
2576,2577,2585,tapis,carpet
2577,2578,2586,esprits,spirits
2578,2579,2587,phil,phil
2579,2580,2588,inviter,invite
2580,2581,2589,œuvre,artwork
2581,2582,2590,imagination,imagination
2582,2583,2591,chut,hush
2583,2584,2592,park,park
2584,2585,2593,existence,existence
2585,2586,2594,empereur,emperor
2586,2587,2595,décide,decided
2587,2588,2596,eric,Eric
2588,2589,2597,ascenseur,lift
2589,2590,2598,criminel,criminal
2590,2591,2599,révolution,revolution
2591,2592,2600,principal,major
2592,2593,2601,terres,lands
2593,2594,2602,charmante,charming
2594,2595,2603,promesse,promise
2595,2596,2604,période,period
2596,2597,2605,craint,fear
2597,2598,2606,croyait,believed
2598,2599,2607,courrier,mail
2599,2600,2608,récemment,recently
2600,2601,2609,écran,screen
2601,2602,2610,anciens,old -fashioned
2602,2603,2611,cris,cries
2603,2604,2612,passes,passes
2604,2605,2613,combattre,combat
2605,2606,2614,réveille,wake up
2606,2607,2615,feront,will do
2607,2608,2616,élevé,raised
2608,2609,2617,têtes,heads
2609,2610,2618,souffre,suffer
2610,2611,2619,quiconque,anyone
2611,2612,2620,malheureux,unfortunate
2612,2613,2621,césar,Caesar
2613,2614,2622,arrives,arrival
2614,2615,2623,empêche,stop
2615,2616,2624,brisé,broken
2616,2617,2625,garage,garage
2617,2618,2626,russie,Russia
2618,2619,2627,Jackson,Jackson
2619,2620,2628,bêtes,beasts
2620,2621,2629,tenter,to attempt
2621,2622,2630,excellente,excellent
2622,2623,2631,passent,pass
2623,2624,2632,ferez,will do
2624,2625,2633,pub,pub
2625,2626,2634,logique,logic
2626,2627,2635,version,version
2627,2628,2636,permet,allow
2628,2629,2637,parte,part
2629,2630,2638,temple,temple
2630,2631,2639,section,section
2631,2632,2640,rythme,rhythm
2632,2633,2641,propriété,property
2633,2634,2642,étrangers,foreigners
2634,2635,2643,finis,finish
2635,2636,2644,erreurs,errors
2636,2637,2645,feriez,would do
2637,2638,2646,propose,propose
2638,2639,2647,examen,review
2639,2640,2648,nation,nation
2640,2641,2649,approchez,approach
2641,2642,2650,différentes,different
2642,2643,2651,traduction,translation
2643,2644,2652,reconnu,recognized
2644,2645,2653,cap,cap
2645,2646,2654,meurtres,murders
2646,2647,2655,courageux,brave
2647,2648,2656,profiter,enjoy
2648,2649,2657,juré,sworn
2649,2650,2658,miel,Honey
2650,2651,2659,poil,hair 
2651,2652,2660,rapports,reports
2652,2653,2661,chic,chic
2653,2654,2662,fonds,funds
2654,2655,2663,aimerait,would like
2655,2656,2664,sable,sand
2656,2657,2665,lutte,struggle
2657,2658,2666,fière,proud
2658,2659,2667,is,is
2659,2660,2668,japon,Japan
2660,2661,2669,douze,twelve
2661,2662,2670,labo,lab
2662,2663,2671,ya,ya
2663,2664,2672,agence,agency
2664,2665,2673,cependant,however
2665,2666,2674,indiens,Indian
2666,2667,2675,donnera,will give
2667,2668,2676,restent,remain
2668,2669,2677,ceinture,belt
2669,2670,2678,seins,tits
2670,2671,2679,étonnant,amazing
2671,2672,2680,uns,some
2672,2673,2681,nourrir,to feed
2673,2674,2682,inventé,invented
2674,2675,2683,sérieuse,serious
2675,2676,2684,ment,is lying
2676,2677,2685,pratique,convenient
2677,2678,2686,invite,guest
2678,2679,2687,potes,friends
2679,2680,2688,meurtrier,murderer
2680,2681,2689,vegas,vegas
2681,2682,2690,idéal,ideal
2682,2683,2691,maîtresse,mistress
2683,2684,2692,central,central
2684,2685,2693,fume,smoke
2685,2686,2694,équipage,crew
2686,2687,2695,brillant,bright
2687,2688,2696,trouvent,find
2688,2689,2697,crie,calls out
2689,2690,2698,laura,laura
2690,2691,2699,commission,commission
2691,2692,2700,nager,swim
2692,2693,2701,boit,drinking
2693,2694,2702,bombes,bombs
2694,2695,2703,figure,figure
2695,2696,2705,crème,cream
2696,2697,2706,rat,rat
2697,2698,2707,tempête,storm
2698,2699,2708,refaire,remake
2699,2700,2709,née,born
2700,2701,2710,supporte,support
2701,2702,2711,crever,die
2702,2703,2712,conduite,conduct
2703,2704,2713,lci,lci
2704,2705,2714,brown,brown
2705,2706,2715,pure,pure
2706,2707,2716,traitement,treatment
2707,2708,2717,porté,gate
2708,2709,2718,voyait,saw
2709,2710,2719,cabine,cabin
2710,2711,2720,fuite,leak
2711,2712,2721,nationale,national
2712,2713,2722,estomac,stomach
2713,2714,2723,machines,machines
2714,2715,2724,julie,julie
2715,2716,2725,couloir,corridor
2716,2717,2726,emily,Emily
2717,2718,2727,ouah,Wow
2718,2719,2728,bijoux,jewelry
2719,2720,2729,lâcher,let go
2720,2721,2730,acteurs,actors
2721,2722,2731,sentez,feel
2722,2723,2732,couleurs,colors
2723,2724,2733,naturel,natural
2724,2725,2734,travaillait,was working
2725,2726,2735,Wilson,Wilson
2726,2727,2736,incendie,fire
2727,2728,2737,camarades,comrades
2728,2729,2738,chute,fall
2729,2730,2739,accompagne,accompanied
2730,2731,2740,passés,past
2731,2732,2741,médecins,doctors
2732,2733,2742,revenue,revenue
2733,2734,2743,peinture,painting
2734,2735,2744,reconnaître,to acknowledge
2735,2736,2745,dollar,dollar
2736,2737,2746,coupez,cut
2737,2738,2747,prénom,first name
2738,2739,2748,puce,chip
2739,2740,2749,pur,pure
2740,2741,2750,prier,pray
2741,2742,2751,actions,actions
2742,2743,2752,voisin,neighbor
2743,2744,2753,officiers,officers
2744,2745,2754,prévenu,warned
2745,2746,2755,chaude,hot
2746,2747,2756,bains,baths
2747,2748,2757,démon,demon
2748,2749,2758,pierres,stones
2749,2750,2759,miroir,mirror
2750,2751,2760,forcément,necessarily
2751,2752,2761,lumières,lights
2752,2753,2762,actrice,actress
2753,2754,2763,jouait,played
2754,2755,2764,vérifie,checked
2755,2756,2765,comportement,behaviour
2756,2757,2766,avoue,confession
2757,2758,2767,aient,have
2758,2759,2768,buvez,drink
2759,2760,2769,calmer,calm
2760,2761,2770,amy,Amy
2761,2762,2771,technique,technical
2762,2763,2772,nôtres,ours
2763,2764,2773,obtenu,obtained
2764,2765,2774,autrefois,in the old days
2765,2766,2775,parlera,talk to
2766,2767,2776,Ryan,Ryan
2767,2768,2777,boss,boss
2768,2769,2778,parier,to bet
2769,2770,2779,correct,correct
2770,2771,2780,septembre,september
2771,2772,2781,libres,free
2772,2773,2782,affronter,confront
2773,2774,2783,doué,gifted
2774,2775,2784,appellent,call
2775,2776,2785,repose,rests
2776,2777,2786,conditions,terms
2777,2778,2787,parfum,scent
2778,2779,2788,protège,protected
2779,2780,2789,tasse,Cup
2780,2781,2790,pensée,thought
2781,2782,2791,salaire,salary
2782,2783,2792,bagnole,car
2783,2784,2793,infos,info
2784,2785,2794,jolies,pretty
2785,2786,2795,récompense,reward
2786,2787,2796,kim,kim
2787,2788,2797,essayons,let's try
2788,2789,2798,ordinaire,ordinary
2789,2790,2799,jeunesse,youth
2790,2791,2800,musée,Museum
2791,2792,2801,bébés,babies
2792,2793,2802,chuck,chuck
2793,2794,2803,plaisantes,pleasant
2794,2795,2804,absence,absence
2795,2796,2805,aiors,Aiors
2796,2797,2806,échappé,escape
2797,2798,2807,fausse,fake
2798,2799,2808,jury,jury
2799,2800,2810,approcher,approach
2800,2801,2811,espagne,Spain
2801,2802,2812,aprés,after
2802,2803,2813,blonde,blonde hair
2803,2804,2814,condition,condition
2804,2805,2815,race,breed
2805,2806,2816,vend,sells
2806,2807,2817,absurde,absurd
2807,2808,2818,masque,mask
2808,2809,2819,appellerai,will call
2809,2810,2820,pardonner,to forgive
2810,2811,2821,pouvoirs,powers
2811,2812,2822,laissée,left
2812,2813,2823,annoncer,announce
2813,2814,2824,origine,origin
2814,2815,2825,el,el
2815,2816,2826,apprends,learn
2816,2817,2827,poitrine,chest
2817,2818,2828,tape,tape
2818,2819,2829,remis,discarded
2819,2820,2830,couvert,covered
2820,2821,2831,large,wide
2821,2822,2832,prenons,let's take
2822,2823,2833,pressé,press
2823,2824,2834,nu,naked
2824,2825,2835,loup,wolf
2825,2826,2836,urgent,urgent
2826,2827,2837,attente,waiting
2827,2828,2838,bêtises,foolery
2828,2829,2839,appels,calls
2829,2830,2840,mystère,mystery
2830,2831,2841,travailles,work
2831,2832,2842,vélo,bike
2832,2833,2843,vends,sell
2833,2834,2844,armé,armed
2834,2835,2845,réaction,reaction
2835,2836,2846,flotte,fleet
2836,2837,2847,bleue,blue
2837,2838,2848,foot,football
2838,2839,2849,foutez,chatter
2839,2840,2850,virus,virus
2840,2841,2851,oeufs,eggs
2841,2842,2852,élève,student
2842,2843,2853,daniel,Daniel
2843,2844,2854,êtres,beings
2844,2845,2855,vengeance,revenge
2845,2846,2856,stan,stan
2846,2847,2857,essayais,tried
2847,2848,2858,minable,shabby
2848,2849,2859,cérémonie,ceremony
2849,2850,2860,gordon,gordon
2850,2851,2861,uniquement,uniquely
2851,2852,2862,salauds,bastard
2852,2853,2863,alan,alan
2853,2854,2864,froide,cold
2854,2855,2865,helen,helen
2855,2856,2866,portée,scope
2856,2857,2867,disque,disk
2857,2858,2868,attaqué,offensive
2858,2859,2869,résoudre,to resolve
2859,2860,2870,moche,ugly
2860,2861,2871,scientifique,scientist
2861,2862,2872,colle,glue
2862,2863,2873,lady,lady
2863,2864,2874,maximum,maximum
2864,2865,2875,déclaration,statement
2865,2866,2876,installer,to install
2866,2867,2877,blessés,wounded
2867,2868,2878,effort,effort
2868,2869,2879,iras,IRAS
2869,2870,2880,commandement,commandment
2870,2871,2881,panne,breakdown
2871,2872,2882,visiter,to visit
2872,2873,2883,disiez,say
2873,2874,2884,venais,came
2874,2875,2885,pointe,point
2875,2876,2886,moque,mocking
2876,2877,2887,chambres,bedrooms
2877,2878,2888,convaincu,convinced
2878,2879,2889,raisonnable,within reason
2879,2880,2890,aiiez,AIIZ
2880,2881,2891,rencontrés,met
2881,2882,2892,qualité,quality
2882,2883,2893,aimée,beloved
2883,2884,2894,irait,would go
2884,2885,2895,épousé,marry
2885,2886,2896,attitude,attitude
2886,2887,2897,joseph,joseph
2887,2888,2898,esclave,slave
2888,2889,2899,milliards,billion
2889,2890,2900,guide,guide
2890,2891,2901,oeuvre,artwork
2891,2892,2902,humour,humor
2892,2893,2903,bible,Bible
2893,2894,2904,boule,ball
2894,2895,2905,sacs,bags
2895,2896,2906,avocats,lawyers
2896,2897,2907,yo,yo
2897,2898,2908,meurent,die
2898,2899,2909,connaissait,knew
2899,2900,2910,union,union
2900,2901,2911,ex,ex
2901,2902,2912,sally,sally
2902,2903,2913,blesser,hurt
2903,2904,2914,taylor,Taylor
2904,2905,2915,maggie,Maggie
2905,2906,2916,perdus,lost
2906,2907,2917,malades,sick
2907,2908,2918,jungle,jungle
2908,2909,2919,jugement,judgement
2909,2910,2920,essai,essay
2910,2911,2921,écrivain,writer
2911,2912,2922,digne,worthy
2912,2913,2923,survécu,survived
2913,2914,2924,julia,julia
2914,2915,2925,vérifié,checked
2915,2916,2926,linda,linda
2916,2917,2927,brûlé,burnt
2917,2918,2928,noble,noble
2918,2919,2929,sauté,jumped up
2919,2920,2930,gâcher,spoil
2920,2921,2931,inquiet,worry
2921,2922,2932,enterrement,burial
2922,2923,2933,prenne,take
2923,2924,2934,site,site
2924,2925,2935,engager,to hire
2925,2926,2936,rayon,Ray
2926,2927,2937,traîner,hang out
2927,2928,2938,rang,rank
2928,2929,2939,traître,traitor
2930,2931,2941,parlant,speaking
2931,2932,2942,orange,orange
2932,2933,2943,jenny,Jenny
2933,2934,2944,voudras,will want
2934,2935,2945,sentais,Smelt
2935,2936,2946,bourse,stock Exchange
2936,2937,2947,élèves,students
2937,2938,2948,manques,gap
2938,2939,2949,faisaient,were doing
2939,2940,2950,partage,share 
2940,2941,2951,légende,legend
2941,2942,2952,cave,cellar
2942,2943,2953,voleurs,thieves
2943,2944,2954,fruits,fruits
2944,2945,2955,préviens,warn
2945,2946,2956,connaissent,know
2946,2947,2957,venant,from
2947,2948,2958,policiers,policeman
2948,2949,2959,paire,pair
2949,2950,2960,pommes,apples
2950,2951,2961,meilleures,best
2951,2952,2962,cassette,cassette
2952,2953,2963,sommet,Mountain peak
2953,2954,2964,remplacer,replace
2954,2955,2965,objets,objects
2955,2956,2966,idiots,idiots
2956,2957,2967,cage,cage
2957,2958,2968,saurais,would be
2958,2959,2969,limite,limit
2959,2960,2970,ailes,wings
2960,2961,2971,explication,explanation
2961,2962,2972,ô,Ô
2962,2963,2973,bond,jump
2963,2964,2974,floride,Florida
2964,2965,2975,travaillez,Work
2965,2966,2976,carter,housing
2966,2967,2977,conseiller,advise
2967,2968,2978,portait,wore
2968,2969,2979,condamné,sentenced
2969,2970,2980,voyant,seeing
2970,2971,2981,recule,recuis
2971,2972,2982,bénisse,bless
2972,2973,2983,associé,associated
2973,2974,2984,auteur,author
2974,2975,2985,écouté,listen
2975,2976,2986,sorcière,witch
2976,2977,2987,edward,Edward
2977,2978,2988,livrer,deliver
2978,2979,2989,plainte,complaint
2979,2980,2990,réellement,Actually
2980,2981,2991,albert,Albert
2981,2982,2992,adulte,adult
2982,2983,2993,pile,pile
2983,2984,2994,communauté,community
2984,2985,2995,mandat,mandate
2986,2987,2997,ramené,brings back
2987,2988,2998,réponses,responses
2988,2989,2999,bagarre,fight
2989,2990,3000,escalier,stairs
2990,2991,3001,naturellement,naturally
2991,2992,3002,désire,longed for
2992,2993,3003,lignes,lines
2993,2994,3004,incident,incident
2994,2995,3005,kilos,pounds
2995,2996,3006,rats,rats
2996,2997,3007,quinze,fifteen
2997,2998,3008,parties,parts
2998,2999,3009,véhicule,vehicle
2999,3000,3010,wayne,wayne
3000,3001,3011,chasser,hunt
3001,3002,3012,bottes,boots
3002,3003,3013,objectif,purpose
3003,3004,3014,patients,patients
3004,3005,3015,suivante,next
3005,3006,3016,respecte,respect
3006,3007,3017,attrapé,caught
3007,3008,3018,junior,junior
3008,3009,3019,colline,hill
3009,3010,3020,professionnel,professional
3010,3011,3021,devoirs,homework
3011,3012,3022,conseils,tips
3012,3013,3023,effets,effects
3013,3014,3024,fichu,darkened
3014,3015,3025,blessure,wound
3015,3016,3026,messages,messages
3016,3017,3027,baby,baby
3017,3018,3028,crimes,crimes
3018,3019,3029,moscou,Moscow
3019,3020,3030,villes,cities
3020,3021,3031,voudra,will want to
3021,3022,3032,moto,motorbike
3022,3023,3033,domaine,domain
3023,3024,3034,organisation,organization
3024,3025,3035,aimable,friendly
3025,3026,3036,forts,strong
3026,3027,3037,eue,eue
3027,3028,3038,exercice,practice
3028,3029,3039,voyager,to travel
3029,3030,3040,arrestation,arrest
3030,3031,3041,fasses,make
3031,3032,3042,pizza,pizza
3032,3033,3043,barbe,beard
3033,3034,3044,french,french
3034,3035,3045,dossiers,files
3035,3036,3046,tunnel,tunnel
3036,3037,3047,voudrez,will want
3037,3038,3048,arrivait,was coming
3038,3039,3049,roses,roses
3039,3040,3050,amiral,admiral
3040,3041,3051,cabinet,cabinet
3041,3042,3052,mére,mother
3042,3043,3053,poursuivre,pursue
3043,3044,3054,forcé,strength
3044,3045,3055,huile,oil
3045,3046,3056,grosses,big
3046,3047,3057,ranger,tidy
3047,3048,3058,furieux,mad
3048,3049,3059,vivait,lived
3049,3050,3060,aidera,will help
3050,3051,3061,géant,giant
3051,3052,3062,tim,Tim
3052,3053,3063,tours,towers
3053,3054,3064,retire,took of
3054,3055,3065,vote,vote
3055,3056,3066,autorisation,permission
3056,3057,3067,risqué,risk
3057,3058,3068,hitler,Hitler
3058,3059,3069,rond,round
3059,3060,3070,show,show
3060,3061,3071,territoire,territory
3061,3062,3072,venger,revenge
3062,3063,3073,exprès,on purpose
3063,3064,3074,tuerai,will kill
3064,3065,3075,anges,angels
3065,3066,3076,classique,classic
3066,3067,3077,soutien,support
3067,3068,3078,rentres,return
3068,3069,3079,tokyo,Tokyo
3069,3070,3080,proposition,proposal
3070,3071,3081,love,love
3071,3072,3082,tests,tests
3072,3073,3083,pétrole,oil
3073,3074,3084,réaliser,achieve
3074,3075,3085,sortira,will come out
3075,3076,3086,soirs,evenings
3076,3077,3087,ministère,ministry
3077,3078,3088,magazine,magazine
3078,3079,3089,verres,glasses
3079,3080,3090,échec,failure
3080,3081,3091,vieilles,old
3081,3082,3092,pourrions,could
3082,3083,3093,bol,bowl
3083,3084,3094,plaire,to please
3084,3085,3095,miller,miller
3085,3086,3096,respecter,respect
3086,3087,3097,cons,cons
3087,3088,3098,golf,golf
3088,3089,3099,bibliothèque,library
3089,3090,3100,attirer,to attract
3090,3091,3101,drapeau,flag
3091,3092,3102,possède,possesses
3092,3093,3103,production,production
3093,3094,3104,conférence,conference
3094,3095,3105,efforts,efforts
3095,3096,3106,pere,dad
3096,3097,3107,putains,whores
3097,3098,3108,précieux,precious
3098,3099,3109,religion,religion
3099,3100,3110,rêver,dream
3100,3101,3111,épreuve,test
3101,3102,3112,retenir,retain
3102,3103,3113,football,soccer
3103,3104,3114,Frankie,Frankie
3104,3105,3115,échoué,failed
3105,3106,3116,pisser,piss
3106,3107,3117,Barry,Barry
3107,3108,3118,sortes,sort of
3108,3109,3119,circonstances,circumstances
3109,3110,3120,kong,kong
3110,3111,3121,mignonne,cute
3111,3112,3122,excellence,Excellency
3112,3113,3123,auto,car
3113,3114,3124,do,do
3114,3115,3125,vague,vague
3115,3116,3126,arrêtes,stops
3116,3117,3127,nôtre,our
3117,3118,3128,vallée,valley
3118,3119,3129,Morgan,Morgan
3119,3120,3130,enterré,buried
3120,3121,3131,tandis,while
3121,3122,3132,duc,duke
3122,3123,3133,pêre,dad
3123,3124,3134,assassiné,murdered
3124,3125,3135,ooo,ooo
3125,3126,3136,charme,charm
3126,3127,3137,quart,quarter
3127,3128,3138,arrangé,arranged
3128,3129,3139,guitare,guitar
3129,3130,3140,remplir,to fill
3130,3131,3141,Sophie,Sophie
3131,3132,3142,crève,buzzer
3132,3133,3143,Jesse,Jesse
3133,3134,3144,Bruce,Bruce
3134,3135,3145,Sara,Sara
3135,3136,3146,refuser,to refuse
3136,3137,3147,donnent,give
3137,3138,3148,Luke,Luke
3138,3139,3149,taper,type
3139,3140,3150,critique,critical
3140,3141,3151,secrète,secret
3141,3142,3152,terminer,to end
3142,3143,3153,hauteur,height
3143,3144,3154,comédie,comedy
3144,3145,3155,cimetière,graveyard
3145,3146,3156,baisé,fucked
3146,3147,3157,cardiaque,heart
3147,3148,3158,Catherine,Catherine
3148,3149,3159,chiffres,figures
3149,3150,3160,fêter,to celebrate
3150,3151,3161,trouverez,will find
3151,3152,3162,indien,Indian
3152,3153,3163,altesse,highness
3153,3154,3164,occupée,busy
3154,3155,3165,intelligente,intelligent
3155,3156,3166,culture,culture
3156,3157,3167,deviner,to guess
3157,3158,3168,géniale,brilliant
3158,3159,3169,limites,limits
3159,3160,3170,Nancy,Nancy
3160,3161,3171,précis,precise
3161,3162,3172,éternité,eternity
3162,3163,3173,ball,ball
3163,3164,3174,plateau,tray
3164,3165,3175,prises,taken
3165,3166,3176,viendrai,will come
3166,3167,3177,rempli,completed
3167,3168,3178,clairement,clearly
3168,3169,3179,intérêts,interests
3169,3170,3180,langage,speech
3170,3171,3181,aides,aid
3171,3172,3182,feux,fires
3172,3173,3183,Betty,Betty
3173,3174,3184,copie,copy
3174,3175,3185,profondément,deeply
3175,3176,3186,fâché,angry
3176,3177,3187,incapable,unable
3177,3178,3188,mercredi,Wednesday
3178,3179,3189,souffrance,suffering
3179,3180,3190,avouer,confess
3180,3181,3191,mile,mile
3181,3182,3192,posez,Place
3182,3183,3193,lion,lion
3183,3184,3194,ali,Ali
3184,3185,3195,soigner,to tend to
3185,3186,3196,fenêtres,Windows
3186,3187,3197,pue,stinking
3187,3188,3198,électrique,electric
3188,3189,3199,italien,Italian
3189,3190,3200,traversé,crossed
3190,3191,3201,réception,reception
3191,3192,3202,énerve,irritated
3192,3193,3203,rentrons,Let's go back
3193,3194,3204,couvrir,cover
3194,3195,3205,fonce,dark
3195,3196,3206,Harvey,Harvey
3196,3197,3207,Kyle,Kyle
3197,3198,3208,produits,products
3198,3199,3209,loyer,rent
3199,3200,3210,grace,grace
3200,3201,3212,assistant,assistant
3201,3202,3213,cervelle,brain
3202,3203,3214,trente,thirty
3203,3204,3215,yeah,Yeah
3204,3205,3216,saches,know
3205,3206,3217,national,national
3206,3207,3218,avenue,avenue
3207,3208,3219,evidemment,obviously
3208,3209,3220,reçois,receive
3209,3210,3221,cité,cited
3210,3211,3222,liaison,connection
3211,3212,3223,prouve,prove
3212,3213,3224,collier,necklace
3213,3214,3225,aprês,after
3214,3215,3226,séance,session
3215,3216,3227,placard,closet
3216,3217,3228,criminels,criminals
3217,3218,3229,irais,go
3218,3219,3230,riz,rice
3219,3220,3231,sandwich,sandwich
3220,3221,3232,boston,Boston
3221,3222,3233,parlerai,will speak
3222,3223,3234,places,places
3223,3224,3235,stade,stadium
3224,3225,3236,gagnant,winner
3225,3226,3237,moral,moral
3226,3227,3238,tendre,tender
3227,3228,3239,fleuve,River
3228,3229,3240,mêre,mother
3229,3230,3241,stanley,Stanley
3230,3231,3242,trouvait,found
3231,3232,3243,auparavant,previously
3233,3234,3245,fièvre,fever
3234,3235,3246,champs,fields
3235,3236,3247,tuera,will kill
3236,3237,3248,chatte,cat
3237,3238,3249,actes,acts
3238,3239,3250,restait,remained
3239,3240,3251,amant,lover
3240,3241,3252,concernant,re
3241,3242,3253,las,the ace
3242,3243,3254,ferons,will do
3243,3244,3255,cherchent,they search
3244,3245,3256,tenait,held
3245,3246,3257,exécution,execution
3246,3247,3258,ann,Ann
3247,3248,3259,lou,lou
3248,3249,3260,pédé,fag
3249,3250,3261,prière,pray
3250,3251,3262,hélas,Alas
3251,3252,3263,sortent,come out
3252,3253,3264,bateaux,boats
3253,3254,3265,allaient,were going
3254,3255,3266,durer,last
3255,3256,3267,assise,seated
3256,3257,3268,alarme,alarm
3257,3258,3269,commencez,start
3258,3259,3270,furent,were
3259,3260,3271,prenait,taking
3260,3261,3272,brad,brad
3261,3262,3273,entièrement,entirely
3262,3263,3274,médecine,medicine
3263,3264,3275,juillet,july
3264,3265,3276,sortis,out
3265,3266,3277,sensible,sensitive
3266,3267,3278,poudre,powder
3267,3268,3279,finale,final
3268,3269,3280,plais,pleasant
3269,3270,3281,durs,hard
3270,3271,3282,discussion,discussion
3271,3272,3283,séparer,to separate
3272,3273,3284,esclaves,slaves
3273,3274,3285,instructions,Directions
3274,3275,3286,beurre,butter
3275,3276,3287,documents,documents
3276,3277,3288,taré,tare
3277,3278,3289,rick,rick
3278,3279,3290,détail,retail
3279,3280,3291,baron,baron
3280,3281,3292,mettent,put
3281,3282,3293,congrès,Congress
3282,3283,3294,épaule,shoulder
3283,3284,3295,poison,poison
3284,3285,3296,final,final
3285,3286,3297,métro,Metro
3286,3287,3298,attendrai,will wait
3287,3288,3299,serment,oath
3288,3289,3300,chan,chan
3289,3290,3301,pardonne,forgiven
3290,3291,3302,espagnol,Spanish
3291,3292,3303,supérieur,superior
3292,3293,3304,w,W
3293,3294,3305,degrés,degrees
3294,3295,3306,rires,laughter
3295,3296,3307,west,West
3296,3297,3308,parker,parker
3297,3298,3309,tuez,kill
3298,3299,3310,œufs,eggs
3299,3300,3311,fiancé,fiance
3300,3301,3312,nerfs,nerves
3301,3302,3313,portefeuille,wallet
3302,3303,3314,robot,robot
3303,3304,3315,internet,Internet
3304,3305,3316,expert,expert
3305,3306,3317,hank,hank
3306,3307,3318,surveillance,surveillance
3307,3308,3319,foutue,fucked up
3308,3309,3320,rita,rita
3309,3310,3321,réalisateur,director
3310,3311,3322,entraîner,lead
3311,3312,3323,martha,martha
3312,3313,3324,descendu,descended
3313,3314,3325,patrick,patrick
3314,3315,3326,comté,county
3315,3316,3327,congé,leave
3316,3317,3328,finira,will end
3317,3318,3329,caméras,cameras
3318,3319,3330,sauce,sauce
3319,3320,3331,balance,balance
3320,3321,3332,destruction,destruction
3321,3322,3333,moderne,modern
3322,3323,3334,Carlos,Carlos
3323,3324,3335,extrêmement,extremely
3324,3325,3336,âmes,souls
3325,3326,3337,expression,expression
3326,3327,3338,marchera,will walk
3327,3328,3339,commerce,trade
3328,3329,3340,ivre,drunk
3329,3330,3341,salopard,bastard
3330,3331,3342,appétit,appetite
3331,3332,3343,dette,debt
3332,3333,3344,all,all
3333,3334,3345,promener,to take a walk
3334,3335,3346,employés,employees
3335,3336,3347,admettre,admit
3336,3337,3348,producteur,producer
3337,3338,3349,attendons,let's wait
3338,3339,3350,quittez,leave
3339,3340,3351,brise,broken
3340,3341,3352,wow,wow
3341,3342,3353,juin,june
3342,3343,3354,chats,cats
3343,3344,3355,remets,put back
3344,3345,3356,ajouter,add
3345,3346,3357,couler,to flow
3346,3347,3358,Pasteur,Pastor
3347,3348,3359,alliez,combine
3348,3349,3360,portrait,portrait
3349,3350,3361,heu,uu
3350,3351,3362,by,by
3351,3352,3363,lancé,spear
3352,3353,3364,diamants,diamonds
3353,3354,3365,donnée,given
3354,3355,3366,avantage,advantage
3355,3356,3367,fidèle,faithful
3356,3357,3368,juger,judge
3357,3358,3369,renseignements,information
3358,3359,3370,gang,gang
3359,3360,3372,réseau,network
3360,3361,3373,ouverture,opening
3361,3362,3374,travaux,works
3362,3363,3375,poussé,pushed
3363,3364,3376,division,division
3365,3366,3378,repartir,divide
3366,3367,3379,trous,holes
3367,3368,3380,rappelez,recall
3368,3369,3381,totale,total
3369,3370,3382,solide,solid
3370,3371,3383,réservé,Reserve
3371,3372,3384,Willie,Willie
3372,3373,3385,autorité,authority
3373,3374,3386,fermée,closed
3374,3375,3387,munitions,ammunition
3375,3376,3388,neveu,nephew
3376,3377,3389,diras,will say
3377,3378,3390,téléphoner,call
